flight_id,airline,source,destination,departure_time,arrival_time,duration,calculated_duration,duration_td,duration_clean,flight_duration,route,airline_standardized,departure_date,is_overnight,flight_duration_hours
SJ010,SpiceJet,CCU,MAA,2026-04-20 23:38:41.701,2026-04-21 02:32:41.701,02:54:00,0 days 02:54:00,0 days 02:54:00,0 days 02:54:00,174,CCU → MAA,SPICEJET,2026-04-20,True,2.9
AI155,Air India,BOM,CCU,2026-04-20 23:35:41.703,2026-04-21 01:23:41.703,01:48:00,0 days 01:48:00,0 days 01:48:00,0 days 01:48:00,108,BOM → CCU,AIR INDIA,2026-04-20,True,1.8
UK094,Vistara,BOM,CCU,2026-04-20 23:26:41.702,2026-04-21 01:11:41.702,01:45:00,0 days 01:45:00,0 days 01:45:00,0 days 01:45:00,105,BOM → CCU,VISTARA,2026-04-20,True,1.75
AI245,Air India,BOM,CCU,2026-04-20 23:07:41.704,2026-04-21 01:43:41.704,02:36:00,0 days 02:36:00,0 days 02:36:00,0 days 02:36:00,156,BOM → CCU,AIR INDIA,2026-04-20,True,2.6
AI192,Air India,MAA,BOM,2026-04-20 23:05:41.703,2026-04-21 04:04:41.703,04:59:00,0 days 04:59:00,0 days 04:59:00,0 days 04:59:00,299,MAA → BOM,AIR INDIA,2026-04-20,True,4.98
SJ158,SpiceJet,DEL,HYD,2026-04-20 23:05:41.703,2026-04-21 01:24:41.703,02:19:00,0 days 02:19:00,0 days 02:19:00,0 days 02:19:00,139,DEL → HYD,SPICEJET,2026-04-20,True,2.32
6F196,IndiGo,CCU,MAA,2026-04-20 23:04:41.703,2026-04-21 00:47:41.703,01:43:00,0 days 01:43:00,0 days 01:43:00,0 days 01:43:00,103,CCU → MAA,INDIGO,2026-04-20,True,1.72
AI080,Air India,BOM,HYD,2026-04-20 23:03:41.702,2026-04-21 00:35:41.702,01:32:00,0 days 01:32:00,0 days 01:32:00,0 days 01:32:00,92,BOM → HYD,AIR INDIA,2026-04-20,True,1.53
6F025,IndiGo,BLR,BOM,2026-04-20 23:02:41.701,2026-04-20 23:57:41.701,00:55:00,0 days 00:55:00,0 days 00:55:00,0 days 00:55:00,55,BLR → BOM,INDIGO,2026-04-20,False,0.92
6F251,UNKNOWN,DEL,BLR,2026-04-20 22:56:41.703,2026-04-20 23:37:41.703,00:41:00,0 days 00:41:00,0 days 00:41:00,0 days 00:41:00,41,DEL → BLR,UNKNOWN,2026-04-20,False,0.68
AI137,Air India,BOM,DEL,2026-04-20 22:49:41.702,2026-04-21 01:17:41.702,02:28:00,0 days 02:28:00,0 days 02:28:00,0 days 02:28:00,148,BOM → DEL,AIR INDIA,2026-04-20,True,2.47
6F026,IndiGo,BOM,CCU,2026-04-20 22:46:42.000,2026-04-21 03:13:42.000,04:27:00,0 days 04:27:00,0 days 04:27:00,0 days 04:27:00,267,BOM → CCU,INDIGO,2026-04-20,True,4.45
UK167,Vistara,DEL,MAA,2026-04-20 22:45:41.703,2026-04-21 01:46:41.703,03:01:00,0 days 03:01:00,0 days 03:01:00,0 days 03:01:00,181,DEL → MAA,VISTARA,2026-04-20,True,3.02
UK027,Vistara,BOM,CCU,2026-04-20 22:44:41.701,2026-04-21 01:05:41.701,02:21:00,0 days 02:21:00,0 days 02:21:00,0 days 02:21:00,141,BOM → CCU,VISTARA,2026-04-20,True,2.35
AI069,UNKNOWN,DEL,BOM,2026-04-20 22:43:41.702,2026-04-21 02:29:41.702,03:46:00,0 days 03:46:00,0 days 03:46:00,0 days 03:46:00,226,DEL → BOM,UNKNOWN,2026-04-20,True,3.77
AI058,Air India,BOM,CCU,2026-04-20 22:40:41.701,2026-04-21 00:18:41.701,01:38:00,0 days 01:38:00,0 days 01:38:00,0 days 01:38:00,98,BOM → CCU,AIR INDIA,2026-04-20,True,1.63
AI140,Air India,BOM,DEL,2026-04-20 22:25:41.702,2026-04-21 02:08:41.702,03:43:00,0 days 03:43:00,0 days 03:43:00,0 days 03:43:00,223,BOM → DEL,AIR INDIA,2026-04-20,True,3.72
SJ239,SpiceJet,BOM,CCU,2026-04-20 22:24:41.704,2026-04-21 00:10:41.704,01:46:00,0 days 01:46:00,0 days 01:46:00,0 days 01:46:00,106,BOM → CCU,SPICEJET,2026-04-20,True,1.77
6F099,IndiGo,MAA,DEL,2026-04-20 22:24:41.702,2026-04-20 22:59:41.702,00:35:00,0 days 00:35:00,0 days 00:35:00,0 days 00:35:00,35,MAA → DEL,INDIGO,2026-04-20,False,0.58
AI048,Air India,CCU,DEL,2026-04-20 22:23:41.701,2026-04-21 02:15:41.701,03:52:00,0 days 03:52:00,0 days 03:52:00,0 days 03:52:00,232,CCU → DEL,AIR INDIA,2026-04-20,True,3.87
SJ112,SpiceJet,HYD,DEL,2026-04-20 22:20:41.702,2026-04-21 00:40:41.702,02:20:00,0 days 02:20:00,0 days 02:20:00,0 days 02:20:00,140,HYD → DEL,SPICEJET,2026-04-20,True,2.33
6F164,IndiGo,BLR,BOM,2026-04-20 22:18:41.703,2026-04-21 00:45:41.703,02:27:00,0 days 02:27:00,0 days 02:27:00,0 days 02:27:00,147,BLR → BOM,INDIGO,2026-04-20,True,2.45
UK021,Vistara,HYD,MAA,2026-04-20 22:00:41.701,2026-04-20 23:50:41.701,01:50:00,0 days 01:50:00,0 days 01:50:00,0 days 01:50:00,110,HYD → MAA,VISTARA,2026-04-20,False,1.83
SJ172,SpiceJet,CCU,DEL,2026-04-20 21:58:41.703,2026-04-21 01:14:41.703,03:16:00,0 days 03:16:00,0 days 03:16:00,0 days 03:16:00,196,CCU → DEL,SPICEJET,2026-04-20,True,3.27
AI060,Air India,DEL,HYD,2026-04-20 21:58:41.701,2026-04-20 23:51:41.701,01:53:00,0 days 01:53:00,0 days 01:53:00,0 days 01:53:00,113,DEL → HYD,AIR INDIA,2026-04-20,False,1.88
SJ205,SpiceJet,HYD,CCU,2026-04-20 21:56:41.703,2026-04-20 23:00:41.703,01:04:00,0 days 01:04:00,0 days 01:04:00,0 days 01:04:00,64,HYD → CCU,SPICEJET,2026-04-20,False,1.07
SJ093,SpiceJet,BLR,BOM,2026-04-20 21:55:41.702,2026-04-20 23:01:41.702,01:06:00,0 days 01:06:00,0 days 01:06:00,0 days 01:06:00,66,BLR → BOM,SPICEJET,2026-04-20,False,1.1
6F195,IndiGo,CCU,DEL,2026-04-20 21:44:41.703,2026-04-20 22:39:41.703,00:55:00,0 days 00:55:00,0 days 00:55:00,0 days 00:55:00,55,CCU → DEL,INDIGO,2026-04-20,False,0.92
UK003,UNKNOWN,HYD,DEL,2026-04-20 21:41:41.700,2026-04-21 02:19:41.700,04:38:00,0 days 04:38:00,0 days 04:38:00,0 days 04:38:00,278,HYD → DEL,UNKNOWN,2026-04-20,True,4.63
UK026,Vistara,HYD,MAA,2026-04-20 21:38:41.701,2026-04-20 23:44:41.701,02:06:00,0 days 02:06:00,0 days 02:06:00,0 days 02:06:00,126,HYD → MAA,VISTARA,2026-04-20,False,2.1
6F174,IndiGo,DEL,HYD,2026-04-20 21:36:41.703,2026-04-20 22:16:41.703,00:40:00,0 days 00:40:00,0 days 00:40:00,0 days 00:40:00,40,DEL → HYD,INDIGO,2026-04-20,False,0.67
UK067,Vistara,BOM,CCU,2026-04-20 21:36:41.701,2026-04-21 01:02:41.701,03:26:00,0 days 03:26:00,0 days 03:26:00,0 days 03:26:00,206,BOM → CCU,VISTARA,2026-04-20,True,3.43
SJ149,SpiceJet,HYD,MAA,2026-04-20 21:20:41.702,2026-04-20 23:20:42.000,02:00:00.298000,0 days 02:00:00.298000,0 days 02:00:00,0 days 02:00:00,120,HYD → MAA,SPICEJET,2026-04-20,False,2.0
6F213,IndiGo,BLR,BOM,2026-04-20 21:05:41.703,2026-04-21 00:32:41.703,03:27:00,0 days 03:27:00,0 days 03:27:00,0 days 03:27:00,207,BLR → BOM,INDIGO,2026-04-20,True,3.45
UK200,Vistara,CCU,DEL,2026-04-20 20:54:41.703,2026-04-20 22:45:41.703,01:51:00,0 days 01:51:00,0 days 01:51:00,0 days 01:51:00,111,CCU → DEL,VISTARA,2026-04-20,False,1.85
SJ214,SpiceJet,BOM,MAA,2026-04-20 20:54:41.703,2026-04-20 22:10:41.703,01:16:00,0 days 01:16:00,0 days 01:16:00,0 days 01:16:00,76,BOM → MAA,SPICEJET,2026-04-20,False,1.27
SJ047,SpiceJet,HYD,BOM,2026-04-20 20:44:41.701,2026-04-20 21:21:41.701,00:37:00,0 days 00:37:00,0 days 00:37:00,0 days 00:37:00,37,HYD → BOM,SPICEJET,2026-04-20,False,0.62
AI179,Air India,HYD,BOM,2026-04-20 20:41:41.703,2026-04-21 01:19:41.703,04:38:00,0 days 04:38:00,0 days 04:38:00,0 days 04:38:00,278,HYD → BOM,AIR INDIA,2026-04-20,True,4.63
SJ153,SpiceJet,DEL,CCU,2026-04-20 20:37:41.702,2026-04-20 22:00:41.702,01:23:00,0 days 01:23:00,0 days 01:23:00,0 days 01:23:00,83,DEL → CCU,SPICEJET,2026-04-20,False,1.38
6F236,IndiGo,BOM,DEL,2026-04-20 20:35:41.704,2026-04-20 23:54:41.704,03:19:00,0 days 03:19:00,0 days 03:19:00,0 days 03:19:00,199,BOM → DEL,INDIGO,2026-04-20,False,3.32
UK059,Vistara,HYD,MAA,2026-04-20 20:33:41.701,2026-04-20 22:10:41.701,01:37:00,0 days 01:37:00,0 days 01:37:00,0 days 01:37:00,97,HYD → MAA,VISTARA,2026-04-20,False,1.62
SJ001,SpiceJet,BOM,MAA,2026-04-20 20:28:41.700,2026-04-21 01:15:41.700,04:47:00,0 days 04:47:00,0 days 04:47:00,0 days 04:47:00,287,BOM → MAA,SPICEJET,2026-04-20,True,4.78
SJ049,SpiceJet,CCU,DEL,2026-04-20 20:26:41.701,2026-04-21 00:26:41.701,04:00:00,0 days 04:00:00,0 days 04:00:00,0 days 04:00:00,240,CCU → DEL,SPICEJET,2026-04-20,True,4.0
6F086,IndiGo,MAA,HYD,2026-04-20 20:23:41.702,2026-04-20 21:00:41.702,00:37:00,0 days 00:37:00,0 days 00:37:00,0 days 00:37:00,37,MAA → HYD,INDIGO,2026-04-20,False,0.62
AI220,Air India,BOM,DEL,2026-04-20 20:19:41.703,2026-04-20 21:57:41.703,01:38:00,0 days 01:38:00,0 days 01:38:00,0 days 01:38:00,98,BOM → DEL,AIR INDIA,2026-04-20,False,1.63
AI188,Air India,CCU,HYD,2026-04-20 20:16:41.703,2026-04-20 23:02:41.703,02:46:00,0 days 02:46:00,0 days 02:46:00,0 days 02:46:00,166,CCU → HYD,AIR INDIA,2026-04-20,False,2.77
6F114,IndiGo,BOM,MAA,2026-04-20 20:10:41.702,2026-04-20 21:00:41.702,00:50:00,0 days 00:50:00,0 days 00:50:00,0 days 00:50:00,50,BOM → MAA,INDIGO,2026-04-20,False,0.83
SJ179,SpiceJet,DEL,HYD,2026-04-20 20:09:41.703,2026-04-20 23:39:41.703,03:30:00,0 days 03:30:00,0 days 03:30:00,0 days 03:30:00,210,DEL → HYD,SPICEJET,2026-04-20,False,3.5
6F190,IndiGo,DEL,MAA,2026-04-20 20:02:41.703,2026-04-21 00:36:41.703,04:34:00,0 days 04:34:00,0 days 04:34:00,0 days 04:34:00,274,DEL → MAA,INDIGO,2026-04-20,True,4.57
SJ003,SpiceJet,MAA,CCU,2026-04-20 19:50:41.701,2026-04-20 20:32:41.701,00:42:00,0 days 00:42:00,0 days 00:42:00,0 days 00:42:00,42,MAA → CCU,SPICEJET,2026-04-20,False,0.7
6F028,IndiGo,HYD,CCU,2026-04-20 19:49:41.701,2026-04-20 21:49:41.701,02:00:00,0 days 02:00:00,0 days 02:00:00,0 days 02:00:00,120,HYD → CCU,INDIGO,2026-04-20,False,2.0
UK036,Vistara,CCU,BLR,2026-04-20 19:48:41.701,2026-04-21 00:12:41.701,04:24:00,0 days 04:24:00,0 days 04:24:00,0 days 04:24:00,264,CCU → BLR,VISTARA,2026-04-20,True,4.4
SJ160,SpiceJet,MAA,BLR,2026-04-20 19:45:41.703,2026-04-20 20:30:41.703,00:45:00,0 days 00:45:00,0 days 00:45:00,0 days 00:45:00,45,MAA → BLR,SPICEJET,2026-04-20,False,0.75
6F151,IndiGo,CCU,HYD,2026-04-20 19:44:41.703,2026-04-20 22:04:41.703,02:20:00,0 days 02:20:00,0 days 02:20:00,0 days 02:20:00,140,CCU → HYD,INDIGO,2026-04-20,False,2.33
UK140,Vistara,MAA,BLR,2026-04-20 19:37:41.703,2026-04-20 21:00:41.703,01:23:00,0 days 01:23:00,0 days 01:23:00,0 days 01:23:00,83,MAA → BLR,VISTARA,2026-04-20,False,1.38
AI115,Air India,MAA,BLR,2026-04-20 19:37:41.702,2026-04-21 00:26:41.702,04:49:00,0 days 04:49:00,0 days 04:49:00,0 days 04:49:00,289,MAA → BLR,AIR INDIA,2026-04-20,True,4.82
AI132,Air India,BLR,BOM,2026-04-20 19:32:41.702,2026-04-20 21:41:41.702,02:09:00,0 days 02:09:00,0 days 02:09:00,0 days 02:09:00,129,BLR → BOM,AIR INDIA,2026-04-20,False,2.15
UK209,UNKNOWN,MAA,BLR,2026-04-20 19:02:41.704,2026-04-20 21:47:41.704,02:45:00,0 days 02:45:00,0 days 02:45:00,0 days 02:45:00,165,MAA → BLR,UNKNOWN,2026-04-20,False,2.75
SJ043,UNKNOWN,MAA,DEL,2026-04-20 18:59:41.701,2026-04-20 21:08:41.701,02:09:00,0 days 02:09:00,0 days 02:09:00,0 days 02:09:00,129,MAA → DEL,UNKNOWN,2026-04-20,False,2.15
UK176,Vistara,HYD,BLR,2026-04-20 18:41:41.703,2026-04-20 22:49:41.703,04:08:00,0 days 04:08:00,0 days 04:08:00,0 days 04:08:00,248,HYD → BLR,VISTARA,2026-04-20,False,4.13
UK216,Vistara,MAA,HYD,2026-04-20 18:33:41.704,2026-04-20 21:47:41.704,03:14:00,0 days 03:14:00,0 days 03:14:00,0 days 03:14:00,194,MAA → HYD,VISTARA,2026-04-20,False,3.23
UK150,Vistara,DEL,CCU,2026-04-20 18:31:41.703,2026-04-20 19:01:41.703,00:30:00,0 days 00:30:00,0 days 00:30:00,0 days 00:30:00,30,DEL → CCU,VISTARA,2026-04-20,False,0.5
UK145,Vistara,BOM,HYD,2026-04-20 18:30:41.703,2026-04-20 20:41:41.703,02:11:00,0 days 02:11:00,0 days 02:11:00,0 days 02:11:00,131,BOM → HYD,VISTARA,2026-04-20,False,2.18
6F270,UNKNOWN,HYD,MAA,2026-04-20 18:14:41.701,2026-04-20 19:02:41.701,00:48:00,0 days 00:48:00,0 days 00:48:00,0 days 00:48:00,48,HYD → MAA,UNKNOWN,2026-04-20,False,0.8
6F012,IndiGo,CCU,HYD,2026-04-20 18:06:41.701,2026-04-20 21:31:41.701,03:25:00,0 days 03:25:00,0 days 03:25:00,0 days 03:25:00,205,CCU → HYD,INDIGO,2026-04-20,False,3.42
SJ236,SpiceJet,MAA,BOM,2026-04-20 18:03:41.704,2026-04-20 22:02:41.704,03:59:00,0 days 03:59:00,0 days 03:59:00,0 days 03:59:00,239,MAA → BOM,SPICEJET,2026-04-20,False,3.98
6F149,IndiGo,BLR,CCU,2026-04-20 17:57:41.703,2026-04-20 20:42:41.703,02:45:00,0 days 02:45:00,0 days 02:45:00,0 days 02:45:00,165,BLR → CCU,INDIGO,2026-04-20,False,2.75
UK004,Vistara,BOM,CCU,2026-04-20 17:56:41.700,2026-04-20 18:30:41.700,00:34:00,0 days 00:34:00,0 days 00:34:00,0 days 00:34:00,34,BOM → CCU,VISTARA,2026-04-20,False,0.57
UK010,Vistara,MAA,HYD,2026-04-20 17:53:41.701,2026-04-20 20:40:41.701,02:47:00,0 days 02:47:00,0 days 02:47:00,0 days 02:47:00,167,MAA → HYD,VISTARA,2026-04-20,False,2.78
UK215,Vistara,BOM,DEL,2026-04-20 17:38:41.704,2026-04-20 19:50:41.704,02:12:00,0 days 02:12:00,0 days 02:12:00,0 days 02:12:00,132,BOM → DEL,VISTARA,2026-04-20,False,2.2
SJ116,SpiceJet,HYD,CCU,2026-04-20 17:33:41.702,2026-04-20 19:02:41.702,01:29:00,0 days 01:29:00,0 days 01:29:00,0 days 01:29:00,89,HYD → CCU,SPICEJET,2026-04-20,False,1.48
SJ023,SpiceJet,HYD,MAA,2026-04-20 17:27:41.701,2026-04-20 19:09:41.701,01:42:00,0 days 01:42:00,0 days 01:42:00,0 days 01:42:00,102,HYD → MAA,SPICEJET,2026-04-20,False,1.7
UK152,Vistara,BOM,CCU,2026-04-20 17:24:41.703,2026-04-20 20:13:41.703,02:49:00,0 days 02:49:00,0 days 02:49:00,0 days 02:49:00,169,BOM → CCU,VISTARA,2026-04-20,False,2.82
SJ202,SpiceJet,CCU,HYD,2026-04-20 17:21:41.703,2026-04-20 19:08:41.703,01:47:00,0 days 01:47:00,0 days 01:47:00,0 days 01:47:00,107,CCU → HYD,SPICEJET,2026-04-20,False,1.78
6F043,IndiGo,BOM,HYD,2026-04-20 17:17:41.701,2026-04-20 18:43:41.701,01:26:00,0 days 01:26:00,0 days 01:26:00,0 days 01:26:00,86,BOM → HYD,INDIGO,2026-04-20,False,1.43
UK173,Vistara,MAA,BLR,2026-04-20 17:06:41.703,2026-04-20 21:22:41.703,04:16:00,0 days 04:16:00,0 days 04:16:00,0 days 04:16:00,256,MAA → BLR,VISTARA,2026-04-20,False,4.27
SJ081,SpiceJet,BOM,BLR,2026-04-20 17:04:41.702,2026-04-20 18:53:41.702,01:49:00,0 days 01:49:00,0 days 01:49:00,0 days 01:49:00,109,BOM → BLR,SPICEJET,2026-04-20,False,1.82
UK153,Vistara,CCU,HYD,2026-04-20 16:52:41.703,2026-04-20 20:53:41.703,04:01:00,0 days 04:01:00,0 days 04:01:00,0 days 04:01:00,241,CCU → HYD,VISTARA,2026-04-20,False,4.02
UK187,Vistara,BLR,BOM,2026-04-20 16:52:41.703,2026-04-20 18:42:41.703,01:50:00,0 days 01:50:00,0 days 01:50:00,0 days 01:50:00,110,BLR → BOM,VISTARA,2026-04-20,False,1.83
UK055,Vistara,HYD,DEL,2026-04-20 16:48:41.701,2026-04-20 19:31:41.701,02:43:00,0 days 02:43:00,0 days 02:43:00,0 days 02:43:00,163,HYD → DEL,VISTARA,2026-04-20,False,2.72
UK181,Vistara,MAA,DEL,2026-04-20 16:44:41.703,2026-04-20 19:26:41.703,02:42:00,0 days 02:42:00,0 days 02:42:00,0 days 02:42:00,162,MAA → DEL,VISTARA,2026-04-20,False,2.7
UK074,Vistara,BOM,DEL,2026-04-20 16:44:41.702,2026-04-20 18:41:41.702,01:57:00,0 days 01:57:00,0 days 01:57:00,0 days 01:57:00,117,BOM → DEL,VISTARA,2026-04-20,False,1.95
SJ068,SpiceJet,BLR,BOM,2026-04-20 16:44:41.701,2026-04-20 18:48:41.701,02:04:00,0 days 02:04:00,0 days 02:04:00,0 days 02:04:00,124,BLR → BOM,SPICEJET,2026-04-20,False,2.07
AI242,UNKNOWN,BLR,CCU,2026-04-20 16:41:41.704,2026-04-20 17:43:41.704,01:02:00,0 days 01:02:00,0 days 01:02:00,0 days 01:02:00,62,BLR → CCU,UNKNOWN,2026-04-20,False,1.03
SJ237,SpiceJet,BOM,CCU,2026-04-20 16:32:41.704,2026-04-20 19:00:41.704,02:28:00,0 days 02:28:00,0 days 02:28:00,0 days 02:28:00,148,BOM → CCU,SPICEJET,2026-04-20,False,2.47
6F194,IndiGo,BOM,CCU,2026-04-20 16:29:41.703,2026-04-20 18:27:41.703,01:58:00,0 days 01:58:00,0 days 01:58:00,0 days 01:58:00,118,BOM → CCU,INDIGO,2026-04-20,False,1.97
UK063,Vistara,DEL,BOM,2026-04-20 16:29:41.701,2026-04-20 17:41:41.701,01:12:00,0 days 01:12:00,0 days 01:12:00,0 days 01:12:00,72,DEL → BOM,VISTARA,2026-04-20,False,1.2
UK068,Vistara,BLR,MAA,2026-04-20 16:28:41.701,2026-04-20 18:09:41.701,01:41:00,0 days 01:41:00,0 days 01:41:00,0 days 01:41:00,101,BLR → MAA,VISTARA,2026-04-20,False,1.68
UK224,UNKNOWN,CCU,MAA,2026-04-20 16:25:41.704,2026-04-20 20:24:41.704,03:59:00,0 days 03:59:00,0 days 03:59:00,0 days 03:59:00,239,CCU → MAA,UNKNOWN,2026-04-20,False,3.98
UK077,UNKNOWN,HYD,BOM,2026-04-20 16:22:41.702,2026-04-20 18:00:41.702,01:38:00,0 days 01:38:00,0 days 01:38:00,0 days 01:38:00,98,HYD → BOM,UNKNOWN,2026-04-20,False,1.63
UK207,Vistara,MAA,CCU,2026-04-20 16:21:41.703,2026-04-20 17:36:41.703,01:15:00,0 days 01:15:00,0 days 01:15:00,0 days 01:15:00,75,MAA → CCU,VISTARA,2026-04-20,False,1.25
AI221,Air India,MAA,HYD,2026-04-20 16:18:41.703,2026-04-20 18:54:41.703,02:36:00,0 days 02:36:00,0 days 02:36:00,0 days 02:36:00,156,MAA → HYD,AIR INDIA,2026-04-20,False,2.6
UK109,Vistara,BLR,BOM,2026-04-20 16:06:41.702,2026-04-20 17:06:42.000,01:00:00.298000,0 days 01:00:00.298000,0 days 01:00:00,0 days 01:00:00,60,BLR → BOM,VISTARA,2026-04-20,False,1.0
UK089,Vistara,BOM,HYD,2026-04-20 15:38:41.702,2026-04-20 19:50:41.702,04:12:00,0 days 04:12:00,0 days 04:12:00,0 days 04:12:00,252,BOM → HYD,VISTARA,2026-04-20,False,4.2
AI072,Air India,BLR,CCU,2026-04-20 15:34:41.702,2026-04-20 16:32:41.702,00:58:00,0 days 00:58:00,0 days 00:58:00,0 days 00:58:00,58,BLR → CCU,AIR INDIA,2026-04-20,False,0.97
UK131,Vistara,BOM,DEL,2026-04-20 15:33:41.702,2026-04-20 19:39:41.702,04:06:00,0 days 04:06:00,0 days 04:06:00,0 days 04:06:00,246,BOM → DEL,VISTARA,2026-04-20,False,4.1
SJ150,SpiceJet,BOM,HYD,2026-04-20 15:33:41.702,2026-04-20 19:03:41.702,03:30:00,0 days 03:30:00,0 days 03:30:00,0 days 03:30:00,210,BOM → HYD,SPICEJET,2026-04-20,False,3.5
6F097,IndiGo,BLR,BOM,2026-04-20 15:32:41.702,2026-04-20 16:49:41.702,01:17:00,0 days 01:17:00,0 days 01:17:00,0 days 01:17:00,77,BLR → BOM,INDIGO,2026-04-20,False,1.28
6F123,IndiGo,DEL,HYD,2026-04-20 15:26:41.702,2026-04-20 17:12:41.702,01:46:00,0 days 01:46:00,0 days 01:46:00,0 days 01:46:00,106,DEL → HYD,INDIGO,2026-04-20,False,1.77
6F017,IndiGo,CCU,BOM,2026-04-20 15:25:41.701,2026-04-20 18:06:41.701,02:41:00,0 days 02:41:00,0 days 02:41:00,0 days 02:41:00,161,CCU → BOM,INDIGO,2026-04-20,False,2.68
6F245,IndiGo,CCU,BOM,2026-04-20 15:25:41.701,2026-04-20 18:06:41.701,02:41:00,0 days 02:41:00,0 days 02:41:00,0 days 02:41:00,161,CCU → BOM,INDIGO,2026-04-20,False,2.68
6F180,IndiGo,MAA,BLR,2026-04-20 15:24:41.703,2026-04-20 19:48:41.703,04:24:00,0 days 04:24:00,0 days 04:24:00,0 days 04:24:00,264,MAA → BLR,INDIGO,2026-04-20,False,4.4
6F152,IndiGo,CCU,DEL,2026-04-20 15:21:41.703,2026-04-20 17:25:41.703,02:04:00,0 days 02:04:00,0 days 02:04:00,0 days 02:04:00,124,CCU → DEL,INDIGO,2026-04-20,False,2.07
SJ034,SpiceJet,MAA,BOM,2026-04-20 15:20:41.701,2026-04-20 20:11:41.701,04:51:00,0 days 04:51:00,0 days 04:51:00,0 days 04:51:00,291,MAA → BOM,SPICEJET,2026-04-20,False,4.85
SJ142,SpiceJet,CCU,BOM,2026-04-20 15:14:41.702,2026-04-20 16:56:41.702,01:42:00,0 days 01:42:00,0 days 01:42:00,0 days 01:42:00,102,CCU → BOM,SPICEJET,2026-04-20,False,1.7
UK189,Vistara,BLR,MAA,2026-04-20 15:07:41.703,2026-04-20 18:51:41.703,03:44:00,0 days 03:44:00,0 days 03:44:00,0 days 03:44:00,224,BLR → MAA,VISTARA,2026-04-20,False,3.73
SJ044,SpiceJet,DEL,CCU,2026-04-20 15:06:41.701,2026-04-20 17:43:41.701,02:37:00,0 days 02:37:00,0 days 02:37:00,0 days 02:37:00,157,DEL → CCU,SPICEJET,2026-04-20,False,2.62
SJ196,SpiceJet,DEL,HYD,2026-04-20 14:58:41.703,2026-04-20 17:44:41.703,02:46:00,0 days 02:46:00,0 days 02:46:00,0 days 02:46:00,166,DEL → HYD,SPICEJET,2026-04-20,False,2.77
6F188,IndiGo,DEL,HYD,2026-04-20 14:57:41.703,2026-04-20 19:39:41.703,04:42:00,0 days 04:42:00,0 days 04:42:00,0 days 04:42:00,282,DEL → HYD,INDIGO,2026-04-20,False,4.7
6F181,IndiGo,BOM,MAA,2026-04-20 14:55:41.703,2026-04-20 16:43:41.703,01:48:00,0 days 01:48:00,0 days 01:48:00,0 days 01:48:00,108,BOM → MAA,INDIGO,2026-04-20,False,1.8
6F077,IndiGo,CCU,DEL,2026-04-20 14:55:41.702,2026-04-20 19:13:41.702,04:18:00,0 days 04:18:00,0 days 04:18:00,0 days 04:18:00,258,CCU → DEL,INDIGO,2026-04-20,False,4.3
SJ154,SpiceJet,BLR,HYD,2026-04-20 14:47:41.702,2026-04-20 16:26:41.702,01:39:00,0 days 01:39:00,0 days 01:39:00,0 days 01:39:00,99,BLR → HYD,SPICEJET,2026-04-20,False,1.65
AI025,Air India,HYD,DEL,2026-04-20 14:46:41.701,2026-04-20 17:11:41.701,02:25:00,0 days 02:25:00,0 days 02:25:00,0 days 02:25:00,145,HYD → DEL,AIR INDIA,2026-04-20,False,2.42
AI094,Air India,DEL,BLR,2026-04-20 14:44:41.702,2026-04-20 15:44:42.000,01:00:00.298000,0 days 01:00:00.298000,0 days 01:00:00,0 days 01:00:00,60,DEL → BLR,AIR INDIA,2026-04-20,False,1.0
6F191,IndiGo,BLR,DEL,2026-04-20 14:41:41.703,2026-04-20 15:11:41.703,00:30:00,0 days 00:30:00,0 days 00:30:00,0 days 00:30:00,30,BLR → DEL,INDIGO,2026-04-20,False,0.5
SJ085,SpiceJet,BLR,MAA,2026-04-20 14:41:41.702,2026-04-20 19:11:41.702,04:30:00,0 days 04:30:00,0 days 04:30:00,0 days 04:30:00,270,BLR → MAA,SPICEJET,2026-04-20,False,4.5
6F261,UNKNOWN,CCU,DEL,2026-04-20 14:31:41.703,2026-04-20 17:29:41.703,02:58:00,0 days 02:58:00,0 days 02:58:00,0 days 02:58:00,178,CCU → DEL,UNKNOWN,2026-04-20,False,2.97
6F129,IndiGo,DEL,CCU,2026-04-20 14:28:41.702,2026-04-20 16:47:41.702,02:19:00,0 days 02:19:00,0 days 02:19:00,0 days 02:19:00,139,DEL → CCU,INDIGO,2026-04-20,False,2.32
6F254,UNKNOWN,MAA,BLR,2026-04-20 14:26:41.703,2026-04-20 18:01:41.703,03:35:00,0 days 03:35:00,0 days 03:35:00,0 days 03:35:00,215,MAA → BLR,UNKNOWN,2026-04-20,False,3.58
SJ185,SpiceJet,BOM,CCU,2026-04-20 14:21:41.703,2026-04-20 15:21:41.703,01:00:00,0 days 01:00:00,0 days 01:00:00,0 days 01:00:00,60,BOM → CCU,SPICEJET,2026-04-20,False,1.0
6F030,IndiGo,BOM,DEL,2026-04-20 14:20:41.701,2026-04-20 17:10:41.701,02:50:00,0 days 02:50:00,0 days 02:50:00,0 days 02:50:00,170,BOM → DEL,INDIGO,2026-04-20,False,2.83
SJ222,SpiceJet,BOM,DEL,2026-04-20 14:15:41.703,2026-04-20 17:09:41.703,02:54:00,0 days 02:54:00,0 days 02:54:00,0 days 02:54:00,174,BOM → DEL,SPICEJET,2026-04-20,False,2.9
6F259,UNKNOWN,BOM,DEL,2026-04-20 14:10:41.703,2026-04-20 15:21:41.703,01:11:00,0 days 01:11:00,0 days 01:11:00,0 days 01:11:00,71,BOM → DEL,UNKNOWN,2026-04-20,False,1.18
UK083,Vistara,DEL,HYD,2026-04-20 14:10:41.702,2026-04-20 14:59:41.702,00:49:00,0 days 00:49:00,0 days 00:49:00,0 days 00:49:00,49,DEL → HYD,VISTARA,2026-04-20,False,0.82
6F051,IndiGo,BLR,BOM,2026-04-20 13:58:41.701,2026-04-20 15:58:41.701,02:00:00,0 days 02:00:00,0 days 02:00:00,0 days 02:00:00,120,BLR → BOM,INDIGO,2026-04-20,False,2.0
SJ088,SpiceJet,CCU,MAA,2026-04-20 13:54:41.702,2026-04-20 14:26:41.702,00:32:00,0 days 00:32:00,0 days 00:32:00,0 days 00:32:00,32,CCU → MAA,SPICEJET,2026-04-20,False,0.53
6F146,IndiGo,HYD,MAA,2026-04-20 13:51:41.703,2026-04-20 15:07:41.703,01:16:00,0 days 01:16:00,0 days 01:16:00,0 days 01:16:00,76,HYD → MAA,INDIGO,2026-04-20,False,1.27
6F047,IndiGo,MAA,DEL,2026-04-20 13:50:41.701,2026-04-20 15:55:41.701,02:05:00,0 days 02:05:00,0 days 02:05:00,0 days 02:05:00,125,MAA → DEL,INDIGO,2026-04-20,False,2.08
AI077,Air India,CCU,HYD,2026-04-20 13:45:41.702,2026-04-20 14:51:41.702,01:06:00,0 days 01:06:00,0 days 01:06:00,0 days 01:06:00,66,CCU → HYD,AIR INDIA,2026-04-20,False,1.1
UK134,Vistara,HYD,CCU,2026-04-20 13:44:41.702,2026-04-20 17:26:41.702,03:42:00,0 days 03:42:00,0 days 03:42:00,0 days 03:42:00,222,HYD → CCU,VISTARA,2026-04-20,False,3.7
AI056,Air India,DEL,MAA,2026-04-20 13:44:41.701,2026-04-20 17:39:41.701,03:55:00,0 days 03:55:00,0 days 03:55:00,0 days 03:55:00,235,DEL → MAA,AIR INDIA,2026-04-20,False,3.92
UK141,UNKNOWN,HYD,MAA,2026-04-20 13:38:41.703,2026-04-20 15:59:41.703,02:21:00,0 days 02:21:00,0 days 02:21:00,0 days 02:21:00,141,HYD → MAA,UNKNOWN,2026-04-20,False,2.35
AI030,Air India,CCU,HYD,2026-04-20 13:33:41.701,2026-04-20 16:52:41.701,03:19:00,0 days 03:19:00,0 days 03:19:00,0 days 03:19:00,199,CCU → HYD,AIR INDIA,2026-04-20,False,3.32
AI029,Air India,MAA,DEL,2026-04-20 13:29:41.701,2026-04-20 17:53:41.701,04:24:00,0 days 04:24:00,0 days 04:24:00,0 days 04:24:00,264,MAA → DEL,AIR INDIA,2026-04-20,False,4.4
SJ167,SpiceJet,MAA,CCU,2026-04-20 13:18:41.703,2026-04-20 14:12:41.703,00:54:00,0 days 00:54:00,0 days 00:54:00,0 days 00:54:00,54,MAA → CCU,SPICEJET,2026-04-20,False,0.9
UK017,Vistara,BLR,HYD,2026-04-20 13:14:41.701,2026-04-20 14:49:41.701,01:35:00,0 days 01:35:00,0 days 01:35:00,0 days 01:35:00,95,BLR → HYD,VISTARA,2026-04-20,False,1.58
6F229,IndiGo,MAA,DEL,2026-04-20 13:10:41.704,2026-04-20 14:30:41.704,01:20:00,0 days 01:20:00,0 days 01:20:00,0 days 01:20:00,80,MAA → DEL,INDIGO,2026-04-20,False,1.33
SJ117,SpiceJet,MAA,BLR,2026-04-20 13:10:41.702,2026-04-20 17:06:41.702,03:56:00,0 days 03:56:00,0 days 03:56:00,0 days 03:56:00,236,MAA → BLR,SPICEJET,2026-04-20,False,3.93
6F184,IndiGo,MAA,BOM,2026-04-20 13:05:41.703,2026-04-20 16:04:41.703,02:59:00,0 days 02:59:00,0 days 02:59:00,0 days 02:59:00,179,MAA → BOM,INDIGO,2026-04-20,False,2.98
AI031,Air India,DEL,MAA,2026-04-20 13:05:41.701,2026-04-20 16:11:41.701,03:06:00,0 days 03:06:00,0 days 03:06:00,0 days 03:06:00,186,DEL → MAA,AIR INDIA,2026-04-20,False,3.1
AI178,Air India,CCU,BLR,2026-04-20 13:04:41.703,2026-04-20 14:03:41.703,00:59:00,0 days 00:59:00,0 days 00:59:00,0 days 00:59:00,59,CCU → BLR,AIR INDIA,2026-04-20,False,0.98
SJ089,SpiceJet,HYD,CCU,2026-04-20 12:42:41.702,2026-04-20 17:15:41.702,04:33:00,0 days 04:33:00,0 days 04:33:00,0 days 04:33:00,273,HYD → CCU,SPICEJET,2026-04-20,False,4.55
UK166,Vistara,HYD,MAA,2026-04-20 12:39:41.703,2026-04-20 17:32:41.703,04:53:00,0 days 04:53:00,0 days 04:53:00,0 days 04:53:00,293,HYD → MAA,VISTARA,2026-04-20,False,4.88
UK104,Vistara,DEL,BOM,2026-04-20 12:30:41.702,2026-04-20 13:52:41.702,01:22:00,0 days 01:22:00,0 days 01:22:00,0 days 01:22:00,82,DEL → BOM,VISTARA,2026-04-20,False,1.37
6F168,IndiGo,HYD,DEL,2026-04-20 12:18:41.703,2026-04-20 15:58:41.703,03:40:00,0 days 03:40:00,0 days 03:40:00,0 days 03:40:00,220,HYD → DEL,INDIGO,2026-04-20,False,3.67
AI222,UNKNOWN,BOM,DEL,2026-04-20 12:10:41.703,2026-04-20 13:14:41.703,01:04:00,0 days 01:04:00,0 days 01:04:00,0 days 01:04:00,64,BOM → DEL,UNKNOWN,2026-04-20,False,1.07
SJ025,SpiceJet,BOM,CCU,2026-04-20 12:02:41.701,2026-04-20 15:29:41.701,03:27:00,0 days 03:27:00,0 days 03:27:00,0 days 03:27:00,207,BOM → CCU,SPICEJET,2026-04-20,False,3.45
6F255,UNKNOWN,DEL,BOM,2026-04-20 11:59:41.703,2026-04-20 15:33:41.703,03:34:00,0 days 03:34:00,0 days 03:34:00,0 days 03:34:00,214,DEL → BOM,UNKNOWN,2026-04-20,False,3.57
UK228,Vistara,DEL,MAA,2026-04-20 11:58:41.704,2026-04-20 15:08:41.704,03:10:00,0 days 03:10:00,0 days 03:10:00,0 days 03:10:00,190,DEL → MAA,VISTARA,2026-04-20,False,3.17
6F158,IndiGo,CCU,MAA,2026-04-20 11:58:41.703,2026-04-20 16:04:41.703,04:06:00,0 days 04:06:00,0 days 04:06:00,0 days 04:06:00,246,CCU → MAA,INDIGO,2026-04-20,False,4.1
SJ218,SpiceJet,DEL,HYD,2026-04-20 11:58:41.703,2026-04-20 15:03:41.703,03:05:00,0 days 03:05:00,0 days 03:05:00,0 days 03:05:00,185,DEL → HYD,SPICEJET,2026-04-20,False,3.08
6F034,IndiGo,BOM,DEL,2026-04-20 11:53:41.701,2026-04-20 12:49:41.701,00:56:00,0 days 00:56:00,0 days 00:56:00,0 days 00:56:00,56,BOM → DEL,INDIGO,2026-04-20,False,0.93
UK156,Vistara,MAA,BLR,2026-04-20 11:50:41.703,2026-04-20 15:54:41.703,04:04:00,0 days 04:04:00,0 days 04:04:00,0 days 04:04:00,244,MAA → BLR,VISTARA,2026-04-20,False,4.07
6F105,IndiGo,BLR,BOM,2026-04-20 11:46:41.702,2026-04-20 12:58:41.702,01:12:00,0 days 01:12:00,0 days 01:12:00,0 days 01:12:00,72,BLR → BOM,INDIGO,2026-04-20,False,1.2
6F073,IndiGo,DEL,CCU,2026-04-20 11:38:41.702,2026-04-20 15:18:41.702,03:40:00,0 days 03:40:00,0 days 03:40:00,0 days 03:40:00,220,DEL → CCU,INDIGO,2026-04-20,False,3.67
SJ074,SpiceJet,DEL,CCU,2026-04-20 11:21:41.701,2026-04-20 12:02:41.701,00:41:00,0 days 00:41:00,0 days 00:41:00,0 days 00:41:00,41,DEL → CCU,SPICEJET,2026-04-20,False,0.68
6F234,IndiGo,BOM,DEL,2026-04-20 11:20:41.704,2026-04-20 14:11:41.704,02:51:00,0 days 02:51:00,0 days 02:51:00,0 days 02:51:00,171,BOM → DEL,INDIGO,2026-04-20,False,2.85
6F068,IndiGo,BLR,HYD,2026-04-20 11:17:41.701,2026-04-20 15:06:41.701,03:49:00,0 days 03:49:00,0 days 03:49:00,0 days 03:49:00,229,BLR → HYD,INDIGO,2026-04-20,False,3.82
6F074,IndiGo,HYD,BOM,2026-04-20 11:09:41.702,2026-04-20 14:29:41.702,03:20:00,0 days 03:20:00,0 days 03:20:00,0 days 03:20:00,200,HYD → BOM,INDIGO,2026-04-20,False,3.33
AI038,Air India,HYD,MAA,2026-04-20 11:05:41.701,2026-04-20 15:44:41.701,04:39:00,0 days 04:39:00,0 days 04:39:00,0 days 04:39:00,279,HYD → MAA,AIR INDIA,2026-04-20,False,4.65
AI079,Air India,CCU,BLR,2026-04-20 11:04:41.702,2026-04-20 13:19:41.702,02:15:00,0 days 02:15:00,0 days 02:15:00,0 days 02:15:00,135,CCU → BLR,AIR INDIA,2026-04-20,False,2.25
SJ018,SpiceJet,BOM,CCU,2026-04-20 10:58:41.701,2026-04-20 13:31:41.701,02:33:00,0 days 02:33:00,0 days 02:33:00,0 days 02:33:00,153,BOM → CCU,SPICEJET,2026-04-20,False,2.55
6F018,IndiGo,DEL,BLR,2026-04-20 10:57:41.701,2026-04-20 11:43:41.701,00:46:00,0 days 00:46:00,0 days 00:46:00,0 days 00:46:00,46,DEL → BLR,INDIGO,2026-04-20,False,0.77
AI091,Air India,CCU,MAA,2026-04-20 10:52:41.702,2026-04-20 15:15:41.702,04:23:00,0 days 04:23:00,0 days 04:23:00,0 days 04:23:00,263,CCU → MAA,AIR INDIA,2026-04-20,False,4.38
UK071,Vistara,DEL,HYD,2026-04-20 10:50:41.701,2026-04-20 14:06:41.701,03:16:00,0 days 03:16:00,0 days 03:16:00,0 days 03:16:00,196,DEL → HYD,VISTARA,2026-04-20,False,3.27
AI019,Air India,BOM,CCU,2026-04-20 10:49:41.701,2026-04-20 11:51:41.701,01:02:00,0 days 01:02:00,0 days 01:02:00,0 days 01:02:00,62,BOM → CCU,AIR INDIA,2026-04-20,False,1.03
UK212,Vistara,HYD,MAA,2026-04-20 10:46:41.704,2026-04-20 11:31:41.704,00:45:00,0 days 00:45:00,0 days 00:45:00,0 days 00:45:00,45,HYD → MAA,VISTARA,2026-04-20,False,0.75
AI146,Air India,BLR,DEL,2026-04-20 10:40:41.702,2026-04-20 13:46:41.702,03:06:00,0 days 03:06:00,0 days 03:06:00,0 days 03:06:00,186,BLR → DEL,AIR INDIA,2026-04-20,False,3.1
6F232,IndiGo,MAA,BLR,2026-04-20 10:39:41.704,2026-04-20 12:22:41.704,01:43:00,0 days 01:43:00,0 days 01:43:00,0 days 01:43:00,103,MAA → BLR,INDIGO,2026-04-20,False,1.72
6F084,IndiGo,CCU,HYD,2026-04-20 10:34:41.702,2026-04-20 11:34:42.000,01:00:00.298000,0 days 01:00:00.298000,0 days 01:00:00,0 days 01:00:00,60,CCU → HYD,INDIGO,2026-04-20,False,1.0
AI129,Air India,BOM,CCU,2026-04-20 10:29:41.702,2026-04-20 13:38:41.702,03:09:00,0 days 03:09:00,0 days 03:09:00,0 days 03:09:00,189,BOM → CCU,AIR INDIA,2026-04-20,False,3.15
AI240,Air India,MAA,DEL,2026-04-20 10:19:41.704,2026-04-20 12:46:41.704,02:27:00,0 days 02:27:00,0 days 02:27:00,0 days 02:27:00,147,MAA → DEL,AIR INDIA,2026-04-20,False,2.45
6F091,IndiGo,BLR,CCU,2026-04-20 10:10:41.702,2026-04-20 11:36:41.702,01:26:00,0 days 01:26:00,0 days 01:26:00,0 days 01:26:00,86,BLR → CCU,INDIGO,2026-04-20,False,1.43
UK133,Vistara,BOM,DEL,2026-04-20 10:04:41.702,2026-04-20 13:16:41.702,03:12:00,0 days 03:12:00,0 days 03:12:00,0 days 03:12:00,192,BOM → DEL,VISTARA,2026-04-20,False,3.2
SJ007,SpiceJet,BOM,CCU,2026-04-20 10:03:41.701,2026-04-20 14:53:41.701,04:50:00,0 days 04:50:00,0 days 04:50:00,0 days 04:50:00,290,BOM → CCU,SPICEJET,2026-04-20,False,4.83
SJ141,SpiceJet,CCU,DEL,2026-04-20 10:00:41.702,2026-04-20 13:37:41.702,03:37:00,0 days 03:37:00,0 days 03:37:00,0 days 03:37:00,217,CCU → DEL,SPICEJET,2026-04-20,False,3.62
6F049,IndiGo,HYD,DEL,2026-04-20 10:00:41.701,2026-04-20 13:13:41.701,03:13:00,0 days 03:13:00,0 days 03:13:00,0 days 03:13:00,193,HYD → DEL,INDIGO,2026-04-20,False,3.22
SJ235,SpiceJet,BOM,DEL,2026-04-20 09:57:41.704,2026-04-20 13:45:41.704,03:48:00,0 days 03:48:00,0 days 03:48:00,0 days 03:48:00,228,BOM → DEL,SPICEJET,2026-04-20,False,3.8
UK087,Vistara,HYD,MAA,2026-04-20 09:49:41.702,2026-04-20 13:17:41.702,03:28:00,0 days 03:28:00,0 days 03:28:00,0 days 03:28:00,208,HYD → MAA,VISTARA,2026-04-20,False,3.47
UK170,Vistara,BOM,BLR,2026-04-20 09:42:41.703,2026-04-20 11:32:41.703,01:50:00,0 days 01:50:00,0 days 01:50:00,0 days 01:50:00,110,BOM → BLR,VISTARA,2026-04-20,False,1.83
SJ078,SpiceJet,DEL,HYD,2026-04-20 09:41:41.701,2026-04-20 12:49:41.701,03:08:00,0 days 03:08:00,0 days 03:08:00,0 days 03:08:00,188,DEL → HYD,SPICEJET,2026-04-20,False,3.13
SJ075,SpiceJet,MAA,BLR,2026-04-20 09:26:41.701,2026-04-20 11:03:41.701,01:37:00,0 days 01:37:00,0 days 01:37:00,0 days 01:37:00,97,MAA → BLR,SPICEJET,2026-04-20,False,1.62
AI159,Air India,HYD,BLR,2026-04-20 09:23:41.703,2026-04-20 11:36:41.703,02:13:00,0 days 02:13:00,0 days 02:13:00,0 days 02:13:00,133,HYD → BLR,AIR INDIA,2026-04-20,False,2.22
UK120,Vistara,HYD,DEL,2026-04-20 09:19:41.702,2026-04-20 13:30:41.702,04:11:00,0 days 04:11:00,0 days 04:11:00,0 days 04:11:00,251,HYD → DEL,VISTARA,2026-04-20,False,4.18
AI059,Air India,CCU,DEL,2026-04-20 09:16:41.701,2026-04-20 11:43:41.701,02:27:00,0 days 02:27:00,0 days 02:27:00,0 days 02:27:00,147,CCU → DEL,AIR INDIA,2026-04-20,False,2.45
UK040,Vistara,HYD,CCU,2026-04-20 09:15:41.701,2026-04-20 10:32:41.701,01:17:00,0 days 01:17:00,0 days 01:17:00,0 days 01:17:00,77,HYD → CCU,VISTARA,2026-04-20,False,1.28
AI044,UNKNOWN,MAA,BLR,2026-04-20 09:03:41.701,2026-04-20 12:36:41.701,03:33:00,0 days 03:33:00,0 days 03:33:00,0 days 03:33:00,213,MAA → BLR,UNKNOWN,2026-04-20,False,3.55
AI078,Air India,DEL,BOM,2026-04-20 08:58:41.702,2026-04-20 13:28:41.702,04:30:00,0 days 04:30:00,0 days 04:30:00,0 days 04:30:00,270,DEL → BOM,AIR INDIA,2026-04-20,False,4.5
SJ226,SpiceJet,HYD,BOM,2026-04-20 08:47:41.704,2026-04-20 12:54:41.704,04:07:00,0 days 04:07:00,0 days 04:07:00,0 days 04:07:00,247,HYD → BOM,SPICEJET,2026-04-20,False,4.12
6F209,IndiGo,MAA,CCU,2026-04-20 08:40:41.703,2026-04-20 13:40:41.703,05:00:00,0 days 05:00:00,0 days 05:00:00,0 days 05:00:00,300,MAA → CCU,INDIGO,2026-04-20,False,5.0
UK193,Vistara,HYD,DEL,2026-04-20 08:39:41.703,2026-04-20 09:14:41.703,00:35:00,0 days 00:35:00,0 days 00:35:00,0 days 00:35:00,35,HYD → DEL,VISTARA,2026-04-20,False,0.58
6F092,IndiGo,MAA,BLR,2026-04-20 08:39:41.702,2026-04-20 09:15:41.702,00:36:00,0 days 00:36:00,0 days 00:36:00,0 days 00:36:00,36,MAA → BLR,INDIGO,2026-04-20,False,0.6
AI208,Air India,BLR,BOM,2026-04-20 08:38:41.703,2026-04-20 11:52:41.703,03:14:00,0 days 03:14:00,0 days 03:14:00,0 days 03:14:00,194,BLR → BOM,AIR INDIA,2026-04-20,False,3.23
SJ227,SpiceJet,BOM,CCU,2026-04-20 08:32:41.704,2026-04-20 12:53:41.704,04:21:00,0 days 04:21:00,0 days 04:21:00,0 days 04:21:00,261,BOM → CCU,SPICEJET,2026-04-20,False,4.35
6F238,IndiGo,BOM,DEL,2026-04-20 08:31:41.704,2026-04-20 09:19:41.704,00:48:00,0 days 00:48:00,0 days 00:48:00,0 days 00:48:00,48,BOM → DEL,INDIGO,2026-04-20,False,0.8
AI084,Air India,BOM,HYD,2026-04-20 08:31:41.702,2026-04-20 09:46:41.702,01:15:00,0 days 01:15:00,0 days 01:15:00,0 days 01:15:00,75,BOM → HYD,AIR INDIA,2026-04-20,False,1.25
SJ228,SpiceJet,BOM,CCU,2026-04-20 08:29:41.704,2026-04-20 12:16:41.704,03:47:00,0 days 03:47:00,0 days 03:47:00,0 days 03:47:00,227,BOM → CCU,SPICEJET,2026-04-20,False,3.78
UK194,Vistara,CCU,BOM,2026-04-20 08:26:41.703,2026-04-20 09:26:42.000,01:00:00.297000,0 days 01:00:00.297000,0 days 01:00:00,0 days 01:00:00,60,CCU → BOM,VISTARA,2026-04-20,False,1.0
6F126,IndiGo,CCU,MAA,2026-04-20 08:21:41.702,2026-04-20 09:39:41.702,01:18:00,0 days 01:18:00,0 days 01:18:00,0 days 01:18:00,78,CCU → MAA,INDIGO,2026-04-20,False,1.3
SJ052,SpiceJet,MAA,BLR,2026-04-20 08:20:41.701,2026-04-20 09:57:41.701,01:37:00,0 days 01:37:00,0 days 01:37:00,0 days 01:37:00,97,MAA → BLR,SPICEJET,2026-04-20,False,1.62
AI233,Air India,BLR,BOM,2026-04-20 08:04:41.704,2026-04-20 09:52:41.704,01:48:00,0 days 01:48:00,0 days 01:48:00,0 days 01:48:00,108,BLR → BOM,AIR INDIA,2026-04-20,False,1.8
AI213,Air India,HYD,CCU,2026-04-20 08:03:41.703,2026-04-20 09:14:41.703,01:11:00,0 days 01:11:00,0 days 01:11:00,0 days 01:11:00,71,HYD → CCU,AIR INDIA,2026-04-20,False,1.18
UK076,Vistara,MAA,CCU,2026-04-20 08:03:41.702,2026-04-20 12:26:41.702,04:23:00,0 days 04:23:00,0 days 04:23:00,0 days 04:23:00,263,MAA → CCU,VISTARA,2026-04-20,False,4.38
SJ022,SpiceJet,DEL,BLR,2026-04-20 07:56:41.701,2026-04-20 11:07:41.701,03:11:00,0 days 03:11:00,0 days 03:11:00,0 days 03:11:00,191,DEL → BLR,SPICEJET,2026-04-20,False,3.18
SJ002,SpiceJet,DEL,BOM,2026-04-20 07:54:41.701,2026-04-20 12:40:41.701,04:46:00,0 days 04:46:00,0 days 04:46:00,0 days 04:46:00,286,DEL → BOM,SPICEJET,2026-04-20,False,4.77
AI163,Air India,HYD,MAA,2026-04-20 07:45:41.703,2026-04-20 08:46:41.703,01:01:00,0 days 01:01:00,0 days 01:01:00,0 days 01:01:00,61,HYD → MAA,AIR INDIA,2026-04-20,False,1.02
UK229,UNKNOWN,HYD,DEL,2026-04-20 07:40:41.704,2026-04-20 11:57:41.704,04:17:00,0 days 04:17:00,0 days 04:17:00,0 days 04:17:00,257,HYD → DEL,UNKNOWN,2026-04-20,False,4.28
UK185,Vistara,DEL,MAA,2026-04-20 07:31:41.703,2026-04-20 08:48:41.703,01:17:00,0 days 01:17:00,0 days 01:17:00,0 days 01:17:00,77,DEL → MAA,VISTARA,2026-04-20,False,1.28
6F029,IndiGo,BOM,BLR,2026-04-20 07:31:41.701,2026-04-20 11:45:41.701,04:14:00,0 days 04:14:00,0 days 04:14:00,0 days 04:14:00,254,BOM → BLR,INDIGO,2026-04-20,False,4.23
6F056,IndiGo,BOM,MAA,2026-04-20 07:00:41.701,2026-04-20 08:49:41.701,01:49:00,0 days 01:49:00,0 days 01:49:00,0 days 01:49:00,109,BOM → MAA,INDIGO,2026-04-20,False,1.82
AI062,Air India,MAA,DEL,2026-04-20 06:49:41.701,2026-04-20 07:25:41.701,00:36:00,0 days 00:36:00,0 days 00:36:00,0 days 00:36:00,36,MAA → DEL,AIR INDIA,2026-04-20,False,0.6
UK034,Vistara,DEL,BLR,2026-04-20 06:47:41.701,2026-04-20 10:11:41.701,03:24:00,0 days 03:24:00,0 days 03:24:00,0 days 03:24:00,204,DEL → BLR,VISTARA,2026-04-20,False,3.4
UK079,Vistara,DEL,BLR,2026-04-20 06:43:41.702,2026-04-20 10:34:41.702,03:51:00,0 days 03:51:00,0 days 03:51:00,0 days 03:51:00,231,DEL → BLR,VISTARA,2026-04-20,False,3.85
AI135,Air India,BLR,BOM,2026-04-20 06:40:41.702,2026-04-20 09:21:41.702,02:41:00,0 days 02:41:00,0 days 02:41:00,0 days 02:41:00,161,BLR → BOM,AIR INDIA,2026-04-20,False,2.68
SJ061,SpiceJet,MAA,BLR,2026-04-20 06:38:41.701,2026-04-20 09:35:41.701,02:57:00,0 days 02:57:00,0 days 02:57:00,0 days 02:57:00,177,MAA → BLR,SPICEJET,2026-04-20,False,2.95
AI047,UNKNOWN,CCU,MAA,2026-04-20 06:36:41.701,2026-04-20 07:23:41.701,00:47:00,0 days 00:47:00,0 days 00:47:00,0 days 00:47:00,47,CCU → MAA,UNKNOWN,2026-04-20,False,0.78
UK210,Vistara,DEL,CCU,2026-04-20 06:35:41.704,2026-04-20 07:30:41.704,00:55:00,0 days 00:55:00,0 days 00:55:00,0 days 00:55:00,55,DEL → CCU,VISTARA,2026-04-20,False,0.92
AI088,UNKNOWN,MAA,DEL,2026-04-20 06:34:41.702,2026-04-20 10:10:41.702,03:36:00,0 days 03:36:00,0 days 03:36:00,0 days 03:36:00,216,MAA → DEL,UNKNOWN,2026-04-20,False,3.6
UK177,Vistara,DEL,HYD,2026-04-20 06:21:41.703,2026-04-20 10:50:41.703,04:29:00,0 days 04:29:00,0 days 04:29:00,0 days 04:29:00,269,DEL → HYD,VISTARA,2026-04-20,False,4.48
AI128,UNKNOWN,BOM,CCU,2026-04-20 06:07:41.702,2026-04-20 10:03:41.702,03:56:00,0 days 03:56:00,0 days 03:56:00,0 days 03:56:00,236,BOM → CCU,UNKNOWN,2026-04-20,False,3.93
AI158,Air India,CCU,DEL,2026-04-20 06:04:41.703,2026-04-20 09:01:41.703,02:57:00,0 days 02:57:00,0 days 02:57:00,0 days 02:57:00,177,CCU → DEL,AIR INDIA,2026-04-20,False,2.95
UK206,Vistara,MAA,BLR,2026-04-20 06:01:41.703,2026-04-20 10:34:41.703,04:33:00,0 days 04:33:00,0 days 04:33:00,0 days 04:33:00,273,MAA → BLR,VISTARA,2026-04-20,False,4.55
SJ138,UNKNOWN,BLR,BOM,2026-04-20 05:55:41.702,2026-04-20 06:43:41.702,00:48:00,0 days 00:48:00,0 days 00:48:00,0 days 00:48:00,48,BLR → BOM,UNKNOWN,2026-04-20,False,0.8
AI034,Air India,DEL,BOM,2026-04-20 05:48:41.701,2026-04-20 10:31:41.701,04:43:00,0 days 04:43:00,0 days 04:43:00,0 days 04:43:00,283,DEL → BOM,AIR INDIA,2026-04-20,False,4.72
AI012,Air India,BOM,CCU,2026-04-20 05:44:41.701,2026-04-20 09:47:41.701,04:03:00,0 days 04:03:00,0 days 04:03:00,0 days 04:03:00,243,BOM → CCU,AIR INDIA,2026-04-20,False,4.05
6F083,IndiGo,BLR,DEL,2026-04-20 05:24:41.702,2026-04-20 06:03:41.702,00:39:00,0 days 00:39:00,0 days 00:39:00,0 days 00:39:00,39,BLR → DEL,INDIGO,2026-04-20,False,0.65
SJ083,SpiceJet,MAA,BLR,2026-04-20 05:13:41.702,2026-04-20 08:17:41.702,03:04:00,0 days 03:04:00,0 days 03:04:00,0 days 03:04:00,184,MAA → BLR,SPICEJET,2026-04-20,False,3.07
SJ186,SpiceJet,CCU,DEL,2026-04-20 05:11:41.703,2026-04-20 07:22:41.703,02:11:00,0 days 02:11:00,0 days 02:11:00,0 days 02:11:00,131,CCU → DEL,SPICEJET,2026-04-20,False,2.18
UK001,Vistara,CCU,DEL,2026-04-20 05:06:41.700,2026-04-20 06:31:41.700,01:25:00,0 days 01:25:00,0 days 01:25:00,0 days 01:25:00,85,CCU → DEL,VISTARA,2026-04-20,False,1.42
AI217,Air India,CCU,BLR,2026-04-20 04:57:41.703,2026-04-20 07:14:41.703,02:17:00,0 days 02:17:00,0 days 02:17:00,0 days 02:17:00,137,CCU → BLR,AIR INDIA,2026-04-20,False,2.28
6F178,IndiGo,BOM,CCU,2026-04-20 04:48:41.703,2026-04-20 09:11:41.703,04:23:00,0 days 04:23:00,0 days 04:23:00,0 days 04:23:00,263,BOM → CCU,INDIGO,2026-04-20,False,4.38
UK015,Vistara,BLR,BOM,2026-04-20 04:46:41.701,2026-04-20 06:33:41.701,01:47:00,0 days 01:47:00,0 days 01:47:00,0 days 01:47:00,107,BLR → BOM,VISTARA,2026-04-20,False,1.78
AI112,Air India,DEL,BLR,2026-04-20 04:41:41.702,2026-04-20 08:24:41.702,03:43:00,0 days 03:43:00,0 days 03:43:00,0 days 03:43:00,223,DEL → BLR,AIR INDIA,2026-04-20,False,3.72
UK100,Vistara,CCU,BLR,2026-04-20 04:40:41.702,2026-04-20 07:12:41.702,02:32:00,0 days 02:32:00,0 days 02:32:00,0 days 02:32:00,152,CCU → BLR,VISTARA,2026-04-20,False,2.53
6F133,IndiGo,MAA,BLR,2026-04-20 04:38:41.702,2026-04-20 06:25:41.702,01:47:00,0 days 01:47:00,0 days 01:47:00,0 days 01:47:00,107,MAA → BLR,INDIGO,2026-04-20,False,1.78
AI227,Air India,BLR,MAA,2026-04-20 04:31:41.703,2026-04-20 08:17:41.703,03:46:00,0 days 03:46:00,0 days 03:46:00,0 days 03:46:00,226,BLR → MAA,AIR INDIA,2026-04-20,False,3.77
UK093,Vistara,HYD,CCU,2026-04-20 04:31:41.702,2026-04-20 05:21:41.702,00:50:00,0 days 00:50:00,0 days 00:50:00,0 days 00:50:00,50,HYD → CCU,VISTARA,2026-04-20,False,0.83
UK203,Vistara,BLR,HYD,2026-04-20 04:12:41.703,2026-04-20 05:24:41.703,01:12:00,0 days 01:12:00,0 days 01:12:00,0 days 01:12:00,72,BLR → HYD,VISTARA,2026-04-20,False,1.2
UK154,Vistara,MAA,HYD,2026-04-20 04:00:41.703,2026-04-20 07:57:41.703,03:57:00,0 days 03:57:00,0 days 03:57:00,0 days 03:57:00,237,MAA → HYD,VISTARA,2026-04-20,False,3.95
UK073,Vistara,BLR,CCU,2026-04-20 03:59:41.702,2026-04-20 08:09:41.702,04:10:00,0 days 04:10:00,0 days 04:10:00,0 days 04:10:00,250,BLR → CCU,VISTARA,2026-04-20,False,4.17
AI164,Air India,DEL,BLR,2026-04-20 03:57:41.703,2026-04-20 05:45:41.703,01:48:00,0 days 01:48:00,0 days 01:48:00,0 days 01:48:00,108,DEL → BLR,AIR INDIA,2026-04-20,False,1.8
UK008,Vistara,CCU,BLR,2026-04-20 03:57:41.701,2026-04-20 04:34:41.701,00:37:00,0 days 00:37:00,0 days 00:37:00,0 days 00:37:00,37,CCU → BLR,VISTARA,2026-04-20,False,0.62
UK051,Vistara,HYD,DEL,2026-04-20 03:55:41.701,2026-04-20 06:55:41.701,03:00:00,0 days 03:00:00,0 days 03:00:00,0 days 03:00:00,180,HYD → DEL,VISTARA,2026-04-20,False,3.0
UK208,Vistara,DEL,CCU,2026-04-20 03:54:41.704,2026-04-20 08:51:41.704,04:57:00,0 days 04:57:00,0 days 04:57:00,0 days 04:57:00,297,DEL → CCU,VISTARA,2026-04-20,False,4.95
AI150,Air India,BOM,DEL,2026-04-20 03:51:41.703,2026-04-20 04:38:41.703,00:47:00,0 days 00:47:00,0 days 00:47:00,0 days 00:47:00,47,BOM → DEL,AIR INDIA,2026-04-20,False,0.78
AI189,Air India,CCU,DEL,2026-04-20 03:44:41.703,2026-04-20 05:32:41.703,01:48:00,0 days 01:48:00,0 days 01:48:00,0 days 01:48:00,108,CCU → DEL,AIR INDIA,2026-04-20,False,1.8
6F230,IndiGo,CCU,BLR,2026-04-20 03:34:41.704,2026-04-20 06:47:41.704,03:13:00,0 days 03:13:00,0 days 03:13:00,0 days 03:13:00,193,CCU → BLR,INDIGO,2026-04-20,False,3.22
6F169,IndiGo,BOM,DEL,2026-04-20 03:27:41.703,2026-04-20 08:06:41.703,04:39:00,0 days 04:39:00,0 days 04:39:00,0 days 04:39:00,279,BOM → DEL,INDIGO,2026-04-20,False,4.65
AI205,Air India,BLR,BOM,2026-04-20 03:26:41.703,2026-04-20 05:14:41.703,01:48:00,0 days 01:48:00,0 days 01:48:00,0 days 01:48:00,108,BLR → BOM,AIR INDIA,2026-04-20,False,1.8
AI103,Air India,BLR,BOM,2026-04-20 03:26:41.702,2026-04-20 04:04:41.702,00:38:00,0 days 00:38:00,0 days 00:38:00,0 days 00:38:00,38,BLR → BOM,AIR INDIA,2026-04-20,False,0.63
6F250,UNKNOWN,DEL,BLR,2026-04-20 03:26:41.701,2026-04-20 07:30:41.701,04:04:00,0 days 04:04:00,0 days 04:04:00,0 days 04:04:00,244,DEL → BLR,UNKNOWN,2026-04-20,False,4.07
AI246,Air India,BOM,BLR,2026-04-20 03:22:41.704,2026-04-20 06:41:41.704,03:19:00,0 days 03:19:00,0 days 03:19:00,0 days 03:19:00,199,BOM → BLR,AIR INDIA,2026-04-20,False,3.32
6F187,IndiGo,BOM,MAA,2026-04-20 03:19:41.703,2026-04-20 07:37:41.703,04:18:00,0 days 04:18:00,0 days 04:18:00,0 days 04:18:00,258,BOM → MAA,INDIGO,2026-04-20,False,4.3
AI082,Air India,DEL,CCU,2026-04-20 03:19:41.702,2026-04-20 06:01:41.702,02:42:00,0 days 02:42:00,0 days 02:42:00,0 days 02:42:00,162,DEL → CCU,AIR INDIA,2026-04-20,False,2.7
UK116,Vistara,CCU,BOM,2026-04-20 03:18:41.702,2026-04-20 07:06:41.702,03:48:00,0 days 03:48:00,0 days 03:48:00,0 days 03:48:00,228,CCU → BOM,VISTARA,2026-04-20,False,3.8
SJ169,SpiceJet,BOM,MAA,2026-04-20 03:10:41.703,2026-04-20 07:56:41.703,04:46:00,0 days 04:46:00,0 days 04:46:00,0 days 04:46:00,286,BOM → MAA,SPICEJET,2026-04-20,False,4.77
AI175,Air India,BOM,HYD,2026-04-20 03:08:41.703,2026-04-20 06:55:41.703,03:47:00,0 days 03:47:00,0 days 03:47:00,0 days 03:47:00,227,BOM → HYD,AIR INDIA,2026-04-20,False,3.78
SJ098,SpiceJet,HYD,MAA,2026-04-20 03:02:41.702,2026-04-20 03:37:41.702,00:35:00,0 days 00:35:00,0 days 00:35:00,0 days 00:35:00,35,HYD → MAA,SPICEJET,2026-04-20,False,0.58
SJ191,SpiceJet,BLR,BOM,2026-04-20 03:01:41.703,2026-04-20 04:23:41.703,01:22:00,0 days 01:22:00,0 days 01:22:00,0 days 01:22:00,82,BLR → BOM,SPICEJET,2026-04-20,False,1.37
SJ017,SpiceJet,DEL,MAA,2026-04-20 02:57:41.701,2026-04-20 05:00:41.701,02:03:00,0 days 02:03:00,0 days 02:03:00,0 days 02:03:00,123,DEL → MAA,SPICEJET,2026-04-20,False,2.05
UK188,Vistara,MAA,BLR,2026-04-20 02:55:41.703,2026-04-20 03:44:41.703,00:49:00,0 days 00:49:00,0 days 00:49:00,0 days 00:49:00,49,MAA → BLR,VISTARA,2026-04-20,False,0.82
AI196,Air India,MAA,HYD,2026-04-20 02:52:41.703,2026-04-20 04:25:41.703,01:33:00,0 days 01:33:00,0 days 01:33:00,0 days 01:33:00,93,MAA → HYD,AIR INDIA,2026-04-20,False,1.55
AI068,Air India,BOM,BLR,2026-04-20 02:48:41.702,2026-04-20 04:48:42.000,02:00:00.298000,0 days 02:00:00.298000,0 days 02:00:00,0 days 02:00:00,120,BOM → BLR,AIR INDIA,2026-04-20,False,2.0
SJ097,SpiceJet,BOM,CCU,2026-04-20 02:37:41.702,2026-04-20 05:27:41.702,02:50:00,0 days 02:50:00,0 days 02:50:00,0 days 02:50:00,170,BOM → CCU,SPICEJET,2026-04-20,False,2.83
SJ030,SpiceJet,DEL,HYD,2026-04-20 02:36:41.701,2026-04-20 03:19:41.701,00:43:00,0 days 00:43:00,0 days 00:43:00,0 days 00:43:00,43,DEL → HYD,SPICEJET,2026-04-20,False,0.72
6F179,IndiGo,HYD,MAA,2026-04-20 02:25:41.703,2026-04-20 06:40:41.703,04:15:00,0 days 04:15:00,0 days 04:15:00,0 days 04:15:00,255,HYD → MAA,INDIGO,2026-04-20,False,4.25
6F156,IndiGo,MAA,BOM,2026-04-20 02:23:41.703,2026-04-20 04:57:41.703,02:34:00,0 days 02:34:00,0 days 02:34:00,0 days 02:34:00,154,MAA → BOM,INDIGO,2026-04-20,False,2.57
6F250,UNKNOWN,CCU,BLR,2026-04-20 02:23:41.702,2026-04-20 02:56:41.702,00:33:00,0 days 00:33:00,0 days 00:33:00,0 days 00:33:00,33,CCU → BLR,UNKNOWN,2026-04-20,False,0.55
SJ057,SpiceJet,BOM,CCU,2026-04-20 02:17:41.701,2026-04-20 05:29:41.701,03:12:00,0 days 03:12:00,0 days 03:12:00,0 days 03:12:00,192,BOM → CCU,SPICEJET,2026-04-20,False,3.2
6F036,IndiGo,CCU,BLR,2026-04-20 02:14:41.701,2026-04-20 06:57:41.701,04:43:00,0 days 04:43:00,0 days 04:43:00,0 days 04:43:00,283,CCU → BLR,INDIGO,2026-04-20,False,4.72
6F201,IndiGo,CCU,BOM,2026-04-20 02:09:41.703,2026-04-20 06:49:41.703,04:40:00,0 days 04:40:00,0 days 04:40:00,0 days 04:40:00,280,CCU → BOM,INDIGO,2026-04-20,False,4.67
6F143,IndiGo,CCU,DEL,2026-04-20 02:09:41.702,2026-04-20 06:08:41.702,03:59:00,0 days 03:59:00,0 days 03:59:00,0 days 03:59:00,239,CCU → DEL,INDIGO,2026-04-20,False,3.98
6F177,IndiGo,HYD,MAA,2026-04-20 02:03:41.703,2026-04-20 04:25:41.703,02:22:00,0 days 02:22:00,0 days 02:22:00,0 days 02:22:00,142,HYD → MAA,INDIGO,2026-04-20,False,2.37
6F031,IndiGo,BOM,BLR,2026-04-20 02:00:41.701,2026-04-20 06:37:41.701,04:37:00,0 days 04:37:00,0 days 04:37:00,0 days 04:37:00,277,BOM → BLR,INDIGO,2026-04-20,False,4.62
UK165,Vistara,DEL,BLR,2026-04-20 01:51:41.703,2026-04-20 06:04:41.703,04:13:00,0 days 04:13:00,0 days 04:13:00,0 days 04:13:00,253,DEL → BLR,VISTARA,2026-04-20,False,4.22
6F122,IndiGo,DEL,BLR,2026-04-20 01:44:41.702,2026-04-20 05:28:41.702,03:44:00,0 days 03:44:00,0 days 03:44:00,0 days 03:44:00,224,DEL → BLR,INDIGO,2026-04-20,False,3.73
AI009,UNKNOWN,DEL,CCU,2026-04-20 01:31:41.701,2026-04-20 04:05:41.701,02:34:00,0 days 02:34:00,0 days 02:34:00,0 days 02:34:00,154,DEL → CCU,UNKNOWN,2026-04-20,False,2.57
6F046,IndiGo,DEL,BLR,2026-04-20 01:27:41.701,2026-04-20 05:08:41.701,03:41:00,0 days 03:41:00,0 days 03:41:00,0 days 03:41:00,221,DEL → BLR,INDIGO,2026-04-20,False,3.68
AI051,Air India,MAA,BLR,2026-04-20 01:27:41.701,2026-04-20 02:22:41.701,00:55:00,0 days 00:55:00,0 days 00:55:00,0 days 00:55:00,55,MAA → BLR,AIR INDIA,2026-04-20,False,0.92
UK222,Vistara,BOM,CCU,2026-04-20 01:22:41.704,2026-04-20 02:57:41.704,01:35:00,0 days 01:35:00,0 days 01:35:00,0 days 01:35:00,95,BOM → CCU,VISTARA,2026-04-20,False,1.58
SJ127,SpiceJet,BOM,DEL,2026-04-20 01:21:41.702,2026-04-20 03:58:41.702,02:37:00,0 days 02:37:00,0 days 02:37:00,0 days 02:37:00,157,BOM → DEL,SPICEJET,2026-04-20,False,2.62
AI226,UNKNOWN,BLR,HYD,2026-04-20 01:19:41.703,2026-04-20 04:08:41.703,02:49:00,0 days 02:49:00,0 days 02:49:00,0 days 02:49:00,169,BLR → HYD,UNKNOWN,2026-04-20,False,2.82
AI216,Air India,BOM,CCU,2026-04-20 01:10:41.703,2026-04-20 02:34:41.703,01:24:00,0 days 01:24:00,0 days 01:24:00,0 days 01:24:00,84,BOM → CCU,AIR INDIA,2026-04-20,False,1.4
6F058,IndiGo,BOM,CCU,2026-04-20 01:04:41.701,2026-04-20 03:33:41.701,02:29:00,0 days 02:29:00,0 days 02:29:00,0 days 02:29:00,149,BOM → CCU,INDIGO,2026-04-20,False,2.48
SJ207,SpiceJet,DEL,CCU,2026-04-20 00:52:41.703,2026-04-20 04:05:41.703,03:13:00,0 days 03:13:00,0 days 03:13:00,0 days 03:13:00,193,DEL → CCU,SPICEJET,2026-04-20,False,3.22
SJ198,SpiceJet,CCU,BOM,2026-04-20 00:47:41.703,2026-04-20 05:28:41.703,04:41:00,0 days 04:41:00,0 days 04:41:00,0 days 04:41:00,281,CCU → BOM,SPICEJET,2026-04-20,False,4.68
SJ108,SpiceJet,BLR,HYD,2026-04-20 00:40:41.702,2026-04-20 03:16:41.702,02:36:00,0 days 02:36:00,0 days 02:36:00,0 days 02:36:00,156,BLR → HYD,SPICEJET,2026-04-20,False,2.6
SJ155,SpiceJet,DEL,CCU,2026-04-20 00:38:41.702,2026-04-20 05:38:41.702,05:00:00,0 days 05:00:00,0 days 05:00:00,0 days 05:00:00,300,DEL → CCU,SPICEJET,2026-04-20,False,5.0
6F193,IndiGo,BOM,MAA,2026-04-20 00:34:41.703,2026-04-20 02:32:41.703,01:58:00,0 days 01:58:00,0 days 01:58:00,0 days 01:58:00,118,BOM → MAA,INDIGO,2026-04-20,False,1.97
6F019,IndiGo,BLR,BOM,2026-04-20 00:19:41.701,2026-04-20 04:14:41.701,03:55:00,0 days 03:55:00,0 days 03:55:00,0 days 03:55:00,235,BLR → BOM,INDIGO,2026-04-20,False,3.92
AI102,Air India,CCU,BLR,2026-04-20 00:17:41.702,2026-04-20 05:08:41.702,04:51:00,0 days 04:51:00,0 days 04:51:00,0 days 04:51:00,291,CCU → BLR,AIR INDIA,2026-04-20,False,4.85
6F166,IndiGo,BOM,CCU,2026-04-20 00:03:41.703,2026-04-20 04:33:41.703,04:30:00,0 days 04:30:00,0 days 04:30:00,0 days 04:30:00,270,BOM → CCU,INDIGO,2026-04-20,False,4.5
UK175,Vistara,BLR,BOM,2026-04-19 23:56:41.703,2026-04-20 03:18:41.703,03:22:00,0 days 03:22:00,0 days 03:22:00,0 days 03:22:00,202,BLR → BOM,VISTARA,2026-04-19,True,3.37
6F010,IndiGo,DEL,BLR,2026-04-19 23:53:41.701,2026-04-20 03:44:41.701,03:51:00,0 days 03:51:00,0 days 03:51:00,0 days 03:51:00,231,DEL → BLR,INDIGO,2026-04-19,True,3.85
AI234,Air India,BOM,MAA,2026-04-19 23:50:41.704,2026-04-20 01:34:41.704,01:44:00,0 days 01:44:00,0 days 01:44:00,0 days 01:44:00,104,BOM → MAA,AIR INDIA,2026-04-19,True,1.73
UK135,Vistara,HYD,DEL,2026-04-19 23:50:41.702,2026-04-20 01:43:41.702,01:53:00,0 days 01:53:00,0 days 01:53:00,0 days 01:53:00,113,HYD → DEL,VISTARA,2026-04-19,True,1.88
6F272,UNKNOWN,HYD,MAA,2026-04-19 23:35:41.702,2026-04-20 00:22:41.702,00:47:00,0 days 00:47:00,0 days 00:47:00,0 days 00:47:00,47,HYD → MAA,UNKNOWN,2026-04-19,True,0.78
AI061,Air India,BOM,CCU,2026-04-19 23:31:41.701,2026-04-20 01:02:41.701,01:31:00,0 days 01:31:00,0 days 01:31:00,0 days 01:31:00,91,BOM → CCU,AIR INDIA,2026-04-19,True,1.52
6F070,IndiGo,HYD,DEL,2026-04-19 23:23:41.701,2026-04-20 02:24:41.701,03:01:00,0 days 03:01:00,0 days 03:01:00,0 days 03:01:00,181,HYD → DEL,INDIGO,2026-04-19,True,3.02
AI015,Air India,BLR,CCU,2026-04-19 23:21:41.701,2026-04-20 01:15:41.701,01:54:00,0 days 01:54:00,0 days 01:54:00,0 days 01:54:00,114,BLR → CCU,AIR INDIA,2026-04-19,True,1.9
SJ076,SpiceJet,DEL,MAA,2026-04-19 23:01:41.701,2026-04-20 02:02:41.701,03:01:00,0 days 03:01:00,0 days 03:01:00,0 days 03:01:00,181,DEL → MAA,SPICEJET,2026-04-19,True,3.02
SJ029,UNKNOWN,HYD,DEL,2026-04-19 22:55:41.701,2026-04-20 00:22:41.701,01:27:00,0 days 01:27:00,0 days 01:27:00,0 days 01:27:00,87,HYD → DEL,UNKNOWN,2026-04-19,True,1.45
SJ194,SpiceJet,CCU,DEL,2026-04-19 22:46:41.703,2026-04-20 02:31:41.703,03:45:00,0 days 03:45:00,0 days 03:45:00,0 days 03:45:00,225,CCU → DEL,SPICEJET,2026-04-19,True,3.75
AI235,Air India,BLR,HYD,2026-04-19 22:45:41.704,2026-04-20 02:12:41.704,03:27:00,0 days 03:27:00,0 days 03:27:00,0 days 03:27:00,207,BLR → HYD,AIR INDIA,2026-04-19,True,3.45
SJ048,SpiceJet,MAA,BLR,2026-04-19 22:43:41.701,2026-04-20 00:19:41.701,01:36:00,0 days 01:36:00,0 days 01:36:00,0 days 01:36:00,96,MAA → BLR,SPICEJET,2026-04-19,True,1.6
SJ114,SpiceJet,HYD,DEL,2026-04-19 22:42:41.702,2026-04-20 02:02:41.702,03:20:00,0 days 03:20:00,0 days 03:20:00,0 days 03:20:00,200,HYD → DEL,SPICEJET,2026-04-19,True,3.33
SJ146,SpiceJet,HYD,BLR,2026-04-19 22:37:41.702,2026-04-20 00:33:41.702,01:56:00,0 days 01:56:00,0 days 01:56:00,0 days 01:56:00,116,HYD → BLR,SPICEJET,2026-04-19,True,1.93
UK041,Vistara,HYD,MAA,2026-04-19 22:37:41.701,2026-04-19 23:44:41.701,01:07:00,0 days 01:07:00,0 days 01:07:00,0 days 01:07:00,67,HYD → MAA,VISTARA,2026-04-19,False,1.12
6F075,IndiGo,BOM,CCU,2026-04-19 22:20:41.702,2026-04-20 03:02:41.702,04:42:00,0 days 04:42:00,0 days 04:42:00,0 days 04:42:00,282,BOM → CCU,INDIGO,2026-04-19,True,4.7
SJ020,SpiceJet,BLR,BOM,2026-04-19 22:18:41.701,2026-04-20 02:27:41.701,04:09:00,0 days 04:09:00,0 days 04:09:00,0 days 04:09:00,249,BLR → BOM,SPICEJET,2026-04-19,True,4.15
SJ099,UNKNOWN,MAA,BLR,2026-04-19 22:14:41.702,2026-04-20 00:34:41.702,02:20:00,0 days 02:20:00,0 days 02:20:00,0 days 02:20:00,140,MAA → BLR,UNKNOWN,2026-04-19,True,2.33
6F078,IndiGo,BOM,CCU,2026-04-19 22:04:41.702,2026-04-19 23:37:41.702,01:33:00,0 days 01:33:00,0 days 01:33:00,0 days 01:33:00,93,BOM → CCU,INDIGO,2026-04-19,False,1.55
UK219,Vistara,BOM,HYD,2026-04-19 22:03:41.704,2026-04-20 02:21:41.704,04:18:00,0 days 04:18:00,0 days 04:18:00,0 days 04:18:00,258,BOM → HYD,VISTARA,2026-04-19,True,4.3
UK223,Vistara,CCU,DEL,2026-04-19 21:58:41.704,2026-04-19 22:30:41.704,00:32:00,0 days 00:32:00,0 days 00:32:00,0 days 00:32:00,32,CCU → DEL,VISTARA,2026-04-19,False,0.53
UK227,Vistara,BOM,HYD,2026-04-19 21:57:41.704,2026-04-20 01:47:41.704,03:50:00,0 days 03:50:00,0 days 03:50:00,0 days 03:50:00,230,BOM → HYD,VISTARA,2026-04-19,True,3.83
6F260,UNKNOWN,CCU,DEL,2026-04-19 21:51:41.702,2026-04-20 01:14:41.702,03:23:00,0 days 03:23:00,0 days 03:23:00,0 days 03:23:00,203,CCU → DEL,UNKNOWN,2026-04-19,True,3.38
AI096,Air India,CCU,DEL,2026-04-19 21:48:41.702,2026-04-20 02:46:41.702,04:58:00,0 days 04:58:00,0 days 04:58:00,0 days 04:58:00,298,CCU → DEL,AIR INDIA,2026-04-19,True,4.97
6F022,IndiGo,MAA,BLR,2026-04-19 21:46:41.701,2026-04-20 02:05:41.701,04:19:00,0 days 04:19:00,0 days 04:19:00,0 days 04:19:00,259,MAA → BLR,INDIGO,2026-04-19,True,4.32
6F237,IndiGo,HYD,MAA,2026-04-19 21:41:41.704,2026-04-20 00:44:41.704,03:03:00,0 days 03:03:00,0 days 03:03:00,0 days 03:03:00,183,HYD → MAA,INDIGO,2026-04-19,True,3.05
UK146,Vistara,BOM,MAA,2026-04-19 21:40:41.703,2026-04-20 00:08:41.703,02:28:00,0 days 02:28:00,0 days 02:28:00,0 days 02:28:00,148,BOM → MAA,VISTARA,2026-04-19,True,2.47
SJ015,SpiceJet,BOM,CCU,2026-04-19 21:40:41.701,2026-04-19 22:52:41.701,01:12:00,0 days 01:12:00,0 days 01:12:00,0 days 01:12:00,72,BOM → CCU,SPICEJET,2026-04-19,False,1.2
AI108,Air India,BLR,CCU,2026-04-19 21:32:41.702,2026-04-20 00:17:41.702,02:45:00,0 days 02:45:00,0 days 02:45:00,0 days 02:45:00,165,BLR → CCU,AIR INDIA,2026-04-19,True,2.75
UK020,Vistara,MAA,BLR,2026-04-19 21:23:41.701,2026-04-19 22:38:41.701,01:15:00,0 days 01:15:00,0 days 01:15:00,0 days 01:15:00,75,MAA → BLR,VISTARA,2026-04-19,False,1.25
6F113,IndiGo,BOM,CCU,2026-04-19 21:04:41.702,2026-04-20 01:30:41.702,04:26:00,0 days 04:26:00,0 days 04:26:00,0 days 04:26:00,266,BOM → CCU,INDIGO,2026-04-19,True,4.43
6F112,IndiGo,HYD,DEL,2026-04-19 21:00:41.702,2026-04-19 23:16:41.702,02:16:00,0 days 02:16:00,0 days 02:16:00,0 days 02:16:00,136,HYD → DEL,INDIGO,2026-04-19,False,2.27
6F246,IndiGo,HYD,DEL,2026-04-19 21:00:41.702,2026-04-19 23:16:41.702,02:16:00,0 days 02:16:00,0 days 02:16:00,0 days 02:16:00,136,HYD → DEL,INDIGO,2026-04-19,False,2.27
UK158,Vistara,BOM,MAA,2026-04-19 20:49:41.703,2026-04-19 21:22:41.703,00:33:00,0 days 00:33:00,0 days 00:33:00,0 days 00:33:00,33,BOM → MAA,VISTARA,2026-04-19,False,0.55
UK159,Vistara,CCU,BLR,2026-04-19 20:45:41.703,2026-04-19 23:32:41.703,02:47:00,0 days 02:47:00,0 days 02:47:00,0 days 02:47:00,167,CCU → BLR,VISTARA,2026-04-19,False,2.78
UK084,Vistara,MAA,DEL,2026-04-19 20:44:41.702,2026-04-20 00:20:41.702,03:36:00,0 days 03:36:00,0 days 03:36:00,0 days 03:36:00,216,MAA → DEL,VISTARA,2026-04-19,True,3.6
SJ206,SpiceJet,DEL,CCU,2026-04-19 20:43:41.703,2026-04-20 01:21:41.703,04:38:00,0 days 04:38:00,0 days 04:38:00,0 days 04:38:00,278,DEL → CCU,SPICEJET,2026-04-19,True,4.63
UK044,Vistara,BLR,BOM,2026-04-19 20:31:41.701,2026-04-19 23:29:41.701,02:58:00,0 days 02:58:00,0 days 02:58:00,0 days 02:58:00,178,BLR → BOM,VISTARA,2026-04-19,False,2.97
SJ036,SpiceJet,DEL,HYD,2026-04-19 20:24:41.701,2026-04-19 23:54:41.701,03:30:00,0 days 03:30:00,0 days 03:30:00,0 days 03:30:00,210,DEL → HYD,SPICEJET,2026-04-19,False,3.5
6F176,IndiGo,CCU,DEL,2026-04-19 20:23:42.000,2026-04-19 23:23:42.000,03:00:00,0 days 03:00:00,0 days 03:00:00,0 days 03:00:00,180,CCU → DEL,INDIGO,2026-04-19,False,3.0
6F148,IndiGo,CCU,BOM,2026-04-19 20:23:41.703,2026-04-19 22:30:41.703,02:07:00,0 days 02:07:00,0 days 02:07:00,0 days 02:07:00,127,CCU → BOM,INDIGO,2026-04-19,False,2.12
6F202,IndiGo,HYD,BLR,2026-04-19 20:18:41.703,2026-04-19 23:48:41.703,03:30:00,0 days 03:30:00,0 days 03:30:00,0 days 03:30:00,210,HYD → BLR,INDIGO,2026-04-19,False,3.5
6F071,IndiGo,DEL,CCU,2026-04-19 20:18:41.702,2026-04-20 00:31:41.702,04:13:00,0 days 04:13:00,0 days 04:13:00,0 days 04:13:00,253,DEL → CCU,INDIGO,2026-04-19,True,4.22
AI105,Air India,CCU,DEL,2026-04-19 20:16:41.702,2026-04-19 22:03:41.702,01:47:00,0 days 01:47:00,0 days 01:47:00,0 days 01:47:00,107,CCU → DEL,AIR INDIA,2026-04-19,False,1.78
AI241,Air India,HYD,BLR,2026-04-19 20:11:41.704,2026-04-19 22:18:41.704,02:07:00,0 days 02:07:00,0 days 02:07:00,0 days 02:07:00,127,HYD → BLR,AIR INDIA,2026-04-19,False,2.12
SJ162,SpiceJet,DEL,HYD,2026-04-19 20:11:41.703,2026-04-19 22:30:41.703,02:19:00,0 days 02:19:00,0 days 02:19:00,0 days 02:19:00,139,DEL → HYD,SPICEJET,2026-04-19,False,2.32
6F003,IndiGo,HYD,BOM,2026-04-19 20:06:41.700,2026-04-19 23:13:41.700,03:07:00,0 days 03:07:00,0 days 03:07:00,0 days 03:07:00,187,HYD → BOM,INDIGO,2026-04-19,False,3.12
6F249,IndiGo,HYD,BOM,2026-04-19 20:06:41.700,2026-04-19 23:13:41.700,03:07:00,0 days 03:07:00,0 days 03:07:00,0 days 03:07:00,187,HYD → BOM,INDIGO,2026-04-19,False,3.12
AI237,Air India,BOM,CCU,2026-04-19 19:58:41.704,2026-04-19 23:13:41.704,03:15:00,0 days 03:15:00,0 days 03:15:00,0 days 03:15:00,195,BOM → CCU,AIR INDIA,2026-04-19,False,3.25
SJ134,SpiceJet,BOM,CCU,2026-04-19 19:58:41.702,2026-04-20 00:15:41.702,04:17:00,0 days 04:17:00,0 days 04:17:00,0 days 04:17:00,257,BOM → CCU,SPICEJET,2026-04-19,True,4.28
AI071,Air India,BOM,MAA,2026-04-19 19:55:41.702,2026-04-19 22:58:41.702,03:03:00,0 days 03:03:00,0 days 03:03:00,0 days 03:03:00,183,BOM → MAA,AIR INDIA,2026-04-19,False,3.05
6F118,IndiGo,CCU,HYD,2026-04-19 19:52:41.702,2026-04-19 21:01:41.702,01:09:00,0 days 01:09:00,0 days 01:09:00,0 days 01:09:00,69,CCU → HYD,INDIGO,2026-04-19,False,1.15
6F014,IndiGo,DEL,MAA,2026-04-19 19:42:41.701,2026-04-19 23:15:41.701,03:33:00,0 days 03:33:00,0 days 03:33:00,0 days 03:33:00,213,DEL → MAA,INDIGO,2026-04-19,False,3.55
6F065,IndiGo,MAA,BLR,2026-04-19 19:40:41.701,2026-04-19 22:23:41.701,02:43:00,0 days 02:43:00,0 days 02:43:00,0 days 02:43:00,163,MAA → BLR,INDIGO,2026-04-19,False,2.72
6F271,UNKNOWN,HYD,MAA,2026-04-19 19:33:41.702,2026-04-19 22:52:41.702,03:19:00,0 days 03:19:00,0 days 03:19:00,0 days 03:19:00,199,HYD → MAA,UNKNOWN,2026-04-19,False,3.32
SJ070,SpiceJet,MAA,CCU,2026-04-19 18:55:41.701,2026-04-19 20:48:41.701,01:53:00,0 days 01:53:00,0 days 01:53:00,0 days 01:53:00,113,MAA → CCU,SPICEJET,2026-04-19,False,1.88
6F007,IndiGo,HYD,MAA,2026-04-19 18:55:41.701,2026-04-19 19:54:41.701,00:59:00,0 days 00:59:00,0 days 00:59:00,0 days 00:59:00,59,HYD → MAA,INDIGO,2026-04-19,False,0.98
UK007,Vistara,DEL,HYD,2026-04-19 18:50:41.701,2026-04-19 21:04:41.701,02:14:00,0 days 02:14:00,0 days 02:14:00,0 days 02:14:00,134,DEL → HYD,VISTARA,2026-04-19,False,2.23
SJ192,SpiceJet,HYD,BOM,2026-04-19 18:45:42.000,2026-04-19 23:45:42.000,1899-12-29 05:00:00,0 days 05:00:00,28 days 05:00:00,28 days 05:00:00,300,HYD → BOM,SPICEJET,2026-04-19,False,5.0
AI097,Air India,HYD,MAA,2026-04-19 18:42:41.702,2026-04-19 23:34:41.702,04:52:00,0 days 04:52:00,0 days 04:52:00,0 days 04:52:00,292,HYD → MAA,AIR INDIA,2026-04-19,False,4.87
6F256,UNKNOWN,BOM,CCU,2026-04-19 18:40:41.702,2026-04-19 19:13:41.702,00:33:00,0 days 00:33:00,0 days 00:33:00,0 days 00:33:00,33,BOM → CCU,UNKNOWN,2026-04-19,False,0.55
UK047,Vistara,BLR,HYD,2026-04-19 18:40:41.701,2026-04-19 22:45:41.701,04:05:00,0 days 04:05:00,0 days 04:05:00,0 days 04:05:00,245,BLR → HYD,VISTARA,2026-04-19,False,4.08
AI024,Air India,MAA,BOM,2026-04-19 18:38:41.701,2026-04-19 19:45:41.701,01:07:00,0 days 01:07:00,0 days 01:07:00,0 days 01:07:00,67,MAA → BOM,AIR INDIA,2026-04-19,False,1.12
UK113,Vistara,CCU,DEL,2026-04-19 18:34:41.702,2026-04-19 22:58:41.702,04:24:00,0 days 04:24:00,0 days 04:24:00,0 days 04:24:00,264,CCU → DEL,VISTARA,2026-04-19,False,4.4
SJ163,SpiceJet,DEL,HYD,2026-04-19 18:32:41.703,2026-04-19 23:08:41.703,04:36:00,0 days 04:36:00,0 days 04:36:00,0 days 04:36:00,276,DEL → HYD,SPICEJET,2026-04-19,False,4.6
SJ208,SpiceJet,DEL,HYD,2026-04-19 18:32:41.703,2026-04-19 19:33:41.703,01:01:00,0 days 01:01:00,0 days 01:01:00,0 days 01:01:00,61,DEL → HYD,SPICEJET,2026-04-19,False,1.02
SJ221,SpiceJet,MAA,HYD,2026-04-19 18:31:41.703,2026-04-19 23:17:41.703,04:46:00,0 days 04:46:00,0 days 04:46:00,0 days 04:46:00,286,MAA → HYD,SPICEJET,2026-04-19,False,4.77
SJ084,SpiceJet,HYD,MAA,2026-04-19 18:31:41.702,2026-04-19 19:30:41.702,00:59:00,0 days 00:59:00,0 days 00:59:00,0 days 00:59:00,59,HYD → MAA,SPICEJET,2026-04-19,False,0.98
6F127,IndiGo,HYD,BOM,2026-04-19 18:27:41.702,2026-04-19 22:28:41.702,04:01:00,0 days 04:01:00,0 days 04:01:00,0 days 04:01:00,241,HYD → BOM,INDIGO,2026-04-19,False,4.02
AI122,Air India,BOM,CCU,2026-04-19 18:25:41.702,2026-04-19 22:36:41.702,04:11:00,0 days 04:11:00,0 days 04:11:00,0 days 04:11:00,251,BOM → CCU,AIR INDIA,2026-04-19,False,4.18
AI139,Air India,HYD,MAA,2026-04-19 18:23:41.702,2026-04-19 19:24:41.702,01:01:00,0 days 01:01:00,0 days 01:01:00,0 days 01:01:00,61,HYD → MAA,AIR INDIA,2026-04-19,False,1.02
UK149,Vistara,MAA,DEL,2026-04-19 18:22:41.703,2026-04-19 23:08:41.703,04:46:00,0 days 04:46:00,0 days 04:46:00,0 days 04:46:00,286,MAA → DEL,VISTARA,2026-04-19,False,4.77
AI149,Air India,BOM,HYD,2026-04-19 18:19:41.703,2026-04-19 21:36:41.703,03:17:00,0 days 03:17:00,0 days 03:17:00,0 days 03:17:00,197,BOM → HYD,AIR INDIA,2026-04-19,False,3.28
SJ243,SpiceJet,BLR,DEL,2026-04-19 18:17:41.704,2026-04-19 23:03:41.704,04:46:00,0 days 04:46:00,0 days 04:46:00,0 days 04:46:00,286,BLR → DEL,SPICEJET,2026-04-19,False,4.77
AI053,Air India,CCU,DEL,2026-04-19 18:04:41.701,2026-04-19 22:19:41.701,04:15:00,0 days 04:15:00,0 days 04:15:00,0 days 04:15:00,255,CCU → DEL,AIR INDIA,2026-04-19,False,4.25
UK061,Vistara,BLR,BOM,2026-04-19 17:58:41.701,2026-04-19 19:48:41.701,01:50:00,0 days 01:50:00,0 days 01:50:00,0 days 01:50:00,110,BLR → BOM,VISTARA,2026-04-19,False,1.83
SJ004,SpiceJet,MAA,DEL,2026-04-19 17:52:41.701,2026-04-19 21:01:41.701,03:09:00,0 days 03:09:00,0 days 03:09:00,0 days 03:09:00,189,MAA → DEL,SPICEJET,2026-04-19,False,3.15
AI173,Air India,HYD,DEL,2026-04-19 17:36:41.703,2026-04-19 22:27:41.703,04:51:00,0 days 04:51:00,0 days 04:51:00,0 days 04:51:00,291,HYD → DEL,AIR INDIA,2026-04-19,False,4.85
6F085,IndiGo,HYD,MAA,2026-04-19 17:32:41.702,2026-04-19 19:32:42.000,02:00:00.298000,0 days 02:00:00.298000,0 days 02:00:00,0 days 02:00:00,120,HYD → MAA,INDIGO,2026-04-19,False,2.0
AI252,UNKNOWN,HYD,DEL,2026-04-19 17:30:41.704,2026-04-19 21:54:41.704,04:24:00,0 days 04:24:00,0 days 04:24:00,0 days 04:24:00,264,HYD → DEL,UNKNOWN,2026-04-19,False,4.4
SJ109,SpiceJet,BOM,DEL,2026-04-19 17:24:41.702,2026-04-19 20:28:41.702,03:04:00,0 days 03:04:00,0 days 03:04:00,0 days 03:04:00,184,BOM → DEL,SPICEJET,2026-04-19,False,3.07
UK123,Vistara,BOM,DEL,2026-04-19 17:24:41.702,2026-04-19 20:18:41.702,02:54:00,0 days 02:54:00,0 days 02:54:00,0 days 02:54:00,174,BOM → DEL,VISTARA,2026-04-19,False,2.9
6F125,IndiGo,BOM,CCU,2026-04-19 17:09:41.702,2026-04-19 21:13:41.702,04:04:00,0 days 04:04:00,0 days 04:04:00,0 days 04:04:00,244,BOM → CCU,INDIGO,2026-04-19,False,4.07
UK183,Vistara,BLR,CCU,2026-04-19 17:07:41.703,2026-04-19 18:30:41.703,01:23:00,0 days 01:23:00,0 days 01:23:00,0 days 01:23:00,83,BLR → CCU,VISTARA,2026-04-19,False,1.38
AI110,Air India,BOM,CCU,2026-04-19 17:07:41.702,2026-04-19 22:00:41.702,04:53:00,0 days 04:53:00,0 days 04:53:00,0 days 04:53:00,293,BOM → CCU,AIR INDIA,2026-04-19,False,4.88
UK105,Vistara,CCU,HYD,2026-04-19 17:04:41.702,2026-04-19 18:11:41.702,01:07:00,0 days 01:07:00,0 days 01:07:00,0 days 01:07:00,67,CCU → HYD,VISTARA,2026-04-19,False,1.12
6F128,IndiGo,HYD,DEL,2026-04-19 16:56:41.702,2026-04-19 18:03:41.702,01:07:00,0 days 01:07:00,0 days 01:07:00,0 days 01:07:00,67,HYD → DEL,INDIGO,2026-04-19,False,1.12
6F224,IndiGo,DEL,MAA,2026-04-19 16:53:41.704,2026-04-19 18:52:41.704,01:59:00,0 days 01:59:00,0 days 01:59:00,0 days 01:59:00,119,DEL → MAA,INDIGO,2026-04-19,False,1.98
SJ130,SpiceJet,BOM,DEL,2026-04-19 16:53:41.702,2026-04-19 20:53:41.702,04:00:00,0 days 04:00:00,0 days 04:00:00,0 days 04:00:00,240,BOM → DEL,SPICEJET,2026-04-19,False,4.0
AI224,Air India,DEL,HYD,2026-04-19 16:51:41.703,2026-04-19 21:36:41.703,04:45:00,0 days 04:45:00,0 days 04:45:00,0 days 04:45:00,285,DEL → HYD,AIR INDIA,2026-04-19,False,4.75
SJ182,SpiceJet,CCU,BOM,2026-04-19 16:48:41.703,2026-04-19 17:36:41.703,00:48:00,0 days 00:48:00,0 days 00:48:00,0 days 00:48:00,48,CCU → BOM,SPICEJET,2026-04-19,False,0.8
UK164,Vistara,BOM,HYD,2026-04-19 16:46:41.703,2026-04-19 21:10:41.703,04:24:00,0 days 04:24:00,0 days 04:24:00,0 days 04:24:00,264,BOM → HYD,VISTARA,2026-04-19,False,4.4
AI161,Air India,CCU,BOM,2026-04-19 16:40:41.703,2026-04-19 19:40:41.703,03:00:00,0 days 03:00:00,0 days 03:00:00,0 days 03:00:00,180,CCU → BOM,AIR INDIA,2026-04-19,False,3.0
6F206,IndiGo,DEL,BOM,2026-04-19 16:39:41.703,2026-04-19 20:59:41.703,04:20:00,0 days 04:20:00,0 days 04:20:00,0 days 04:20:00,260,DEL → BOM,INDIGO,2026-04-19,False,4.33
SJ204,SpiceJet,CCU,DEL,2026-04-19 16:34:41.703,2026-04-19 18:15:41.703,01:41:00,0 days 01:41:00,0 days 01:41:00,0 days 01:41:00,101,CCU → DEL,SPICEJET,2026-04-19,False,1.68
AI206,Air India,CCU,MAA,2026-04-19 16:30:41.703,2026-04-19 20:01:41.703,03:31:00,0 days 03:31:00,0 days 03:31:00,0 days 03:31:00,211,CCU → MAA,AIR INDIA,2026-04-19,False,3.52
6F140,IndiGo,CCU,HYD,2026-04-19 16:30:41.702,2026-04-19 18:21:41.702,01:51:00,0 days 01:51:00,0 days 01:51:00,0 days 01:51:00,111,CCU → HYD,INDIGO,2026-04-19,False,1.85
6F253,UNKNOWN,MAA,BLR,2026-04-19 16:26:41.703,2026-04-19 18:24:41.703,01:58:00,0 days 01:58:00,0 days 01:58:00,0 days 01:58:00,118,MAA → BLR,UNKNOWN,2026-04-19,False,1.97
SJ203,UNKNOWN,DEL,HYD,2026-04-19 16:22:41.703,2026-04-19 18:27:41.703,02:05:00,0 days 02:05:00,0 days 02:05:00,0 days 02:05:00,125,DEL → HYD,UNKNOWN,2026-04-19,False,2.08
SJ161,SpiceJet,MAA,BLR,2026-04-19 16:22:41.703,2026-04-19 17:04:41.703,00:42:00,0 days 00:42:00,0 days 00:42:00,0 days 00:42:00,42,MAA → BLR,SPICEJET,2026-04-19,False,0.7
AI098,Air India,HYD,MAA,2026-04-19 16:01:41.702,2026-04-19 18:11:41.702,02:10:00,0 days 02:10:00,0 days 02:10:00,0 days 02:10:00,130,HYD → MAA,AIR INDIA,2026-04-19,False,2.17
AI168,UNKNOWN,DEL,CCU,2026-04-19 15:50:41.703,2026-04-19 20:20:41.703,04:30:00,0 days 04:30:00,0 days 04:30:00,0 days 04:30:00,270,DEL → CCU,UNKNOWN,2026-04-19,False,4.5
UK190,Vistara,DEL,BLR,2026-04-19 15:49:41.703,2026-04-19 18:53:41.703,03:04:00,0 days 03:04:00,0 days 03:04:00,0 days 03:04:00,184,DEL → BLR,VISTARA,2026-04-19,False,3.07
AI085,Air India,DEL,HYD,2026-04-19 15:45:41.702,2026-04-19 20:33:41.702,04:48:00,0 days 04:48:00,0 days 04:48:00,0 days 04:48:00,288,DEL → HYD,AIR INDIA,2026-04-19,False,4.8
AI076,Air India,BLR,BOM,2026-04-19 15:37:41.702,2026-04-19 16:12:41.702,00:35:00,0 days 00:35:00,0 days 00:35:00,0 days 00:35:00,35,BLR → BOM,AIR INDIA,2026-04-19,False,0.58
UK130,Vistara,MAA,BLR,2026-04-19 15:36:41.702,2026-04-19 19:43:41.702,04:07:00,0 days 04:07:00,0 days 04:07:00,0 days 04:07:00,247,MAA → BLR,VISTARA,2026-04-19,False,4.12
6F038,IndiGo,HYD,MAA,2026-04-19 15:36:41.701,2026-04-19 19:33:41.701,03:57:00,0 days 03:57:00,0 days 03:57:00,0 days 03:57:00,237,HYD → MAA,INDIGO,2026-04-19,False,3.95
UK110,Vistara,HYD,DEL,2026-04-19 15:26:41.702,2026-04-19 20:13:41.702,04:47:00,0 days 04:47:00,0 days 04:47:00,0 days 04:47:00,287,HYD → DEL,VISTARA,2026-04-19,False,4.78
SJ013,SpiceJet,DEL,MAA,2026-04-19 15:25:41.701,2026-04-19 19:54:41.701,04:29:00,0 days 04:29:00,0 days 04:29:00,0 days 04:29:00,269,DEL → MAA,SPICEJET,2026-04-19,False,4.48
AI039,Air India,MAA,BLR,2026-04-19 15:24:41.701,2026-04-19 18:56:41.701,03:32:00,0 days 03:32:00,0 days 03:32:00,0 days 03:32:00,212,MAA → BLR,AIR INDIA,2026-04-19,False,3.53
AI248,Air India,CCU,DEL,2026-04-19 15:17:41.704,2026-04-19 16:35:41.704,01:18:00,0 days 01:18:00,0 days 01:18:00,0 days 01:18:00,78,CCU → DEL,AIR INDIA,2026-04-19,False,1.3
6F199,IndiGo,DEL,MAA,2026-04-19 15:15:41.703,2026-04-19 17:32:41.703,02:17:00,0 days 02:17:00,0 days 02:17:00,0 days 02:17:00,137,DEL → MAA,INDIGO,2026-04-19,False,2.28
AI225,Air India,BOM,BLR,2026-04-19 15:05:41.703,2026-04-19 16:01:41.703,00:56:00,0 days 00:56:00,0 days 00:56:00,0 days 00:56:00,56,BOM → BLR,AIR INDIA,2026-04-19,False,0.93
SJ028,SpiceJet,CCU,BOM,2026-04-19 15:04:41.701,2026-04-19 19:32:41.701,04:28:00,0 days 04:28:00,0 days 04:28:00,0 days 04:28:00,268,CCU → BOM,SPICEJET,2026-04-19,False,4.47
SJ012,SpiceJet,HYD,BLR,2026-04-19 15:01:41.701,2026-04-19 16:12:41.701,01:11:00,0 days 01:11:00,0 days 01:11:00,0 days 01:11:00,71,HYD → BLR,SPICEJET,2026-04-19,False,1.18
SJ131,SpiceJet,MAA,HYD,2026-04-19 15:00:41.702,2026-04-19 16:07:41.702,01:07:00,0 days 01:07:00,0 days 01:07:00,0 days 01:07:00,67,MAA → HYD,SPICEJET,2026-04-19,False,1.12
AI010,Air India,BOM,HYD,2026-04-19 15:00:41.701,2026-04-19 19:48:41.701,04:48:00,0 days 04:48:00,0 days 04:48:00,0 days 04:48:00,288,BOM → HYD,AIR INDIA,2026-04-19,False,4.8
6F020,IndiGo,BOM,HYD,2026-04-19 14:58:41.701,2026-04-19 16:43:41.701,01:45:00,0 days 01:45:00,0 days 01:45:00,0 days 01:45:00,105,BOM → HYD,INDIGO,2026-04-19,False,1.75
SJ038,SpiceJet,BLR,DEL,2026-04-19 14:57:41.701,2026-04-19 17:46:41.701,02:49:00,0 days 02:49:00,0 days 02:49:00,0 days 02:49:00,169,BLR → DEL,SPICEJET,2026-04-19,False,2.82
UK204,Vistara,BLR,DEL,2026-04-19 14:46:41.703,2026-04-19 16:24:41.703,01:38:00,0 days 01:38:00,0 days 01:38:00,0 days 01:38:00,98,BLR → DEL,VISTARA,2026-04-19,False,1.63
AI036,Air India,BOM,CCU,2026-04-19 14:45:41.701,2026-04-19 16:16:41.701,01:31:00,0 days 01:31:00,0 days 01:31:00,0 days 01:31:00,91,BOM → CCU,AIR INDIA,2026-04-19,False,1.52
AI100,UNKNOWN,CCU,BOM,2026-04-19 14:42:41.702,2026-04-19 18:22:41.702,03:40:00,0 days 03:40:00,0 days 03:40:00,0 days 03:40:00,220,CCU → BOM,UNKNOWN,2026-04-19,False,3.67
SJ215,SpiceJet,CCU,DEL,2026-04-19 14:37:41.703,2026-04-19 16:12:41.703,01:35:00,0 days 01:35:00,0 days 01:35:00,0 days 01:35:00,95,CCU → DEL,SPICEJET,2026-04-19,False,1.58
UK155,Vistara,MAA,HYD,2026-04-19 14:34:41.703,2026-04-19 18:37:41.703,04:03:00,0 days 04:03:00,0 days 04:03:00,0 days 04:03:00,243,MAA → HYD,VISTARA,2026-04-19,False,4.05
SJ173,SpiceJet,CCU,HYD,2026-04-19 14:27:41.703,2026-04-19 16:09:41.703,01:42:00,0 days 01:42:00,0 days 01:42:00,0 days 01:42:00,102,CCU → HYD,SPICEJET,2026-04-19,False,1.7
UK179,Vistara,DEL,HYD,2026-04-19 14:25:41.703,2026-04-19 19:15:41.703,04:50:00,0 days 04:50:00,0 days 04:50:00,0 days 04:50:00,290,DEL → HYD,VISTARA,2026-04-19,False,4.83
UK221,Vistara,CCU,DEL,2026-04-19 14:18:41.704,2026-04-19 18:44:41.704,04:26:00,0 days 04:26:00,0 days 04:26:00,0 days 04:26:00,266,CCU → DEL,VISTARA,2026-04-19,False,4.43
UK023,Vistara,DEL,MAA,2026-04-19 14:15:41.701,2026-04-19 19:03:41.701,04:48:00,0 days 04:48:00,0 days 04:48:00,0 days 04:48:00,288,DEL → MAA,VISTARA,2026-04-19,False,4.8
SJ107,SpiceJet,BOM,MAA,2026-04-19 14:10:41.702,2026-04-19 18:38:41.702,04:28:00,0 days 04:28:00,0 days 04:28:00,0 days 04:28:00,268,BOM → MAA,SPICEJET,2026-04-19,False,4.47
AI073,Air India,BOM,BLR,2026-04-19 14:08:41.702,2026-04-19 16:10:41.702,02:02:00,0 days 02:02:00,0 days 02:02:00,0 days 02:02:00,122,BOM → BLR,AIR INDIA,2026-04-19,False,2.03
SJ187,SpiceJet,MAA,BLR,2026-04-19 14:07:41.703,2026-04-19 17:30:41.703,03:23:00,0 days 03:23:00,0 days 03:23:00,0 days 03:23:00,203,MAA → BLR,SPICEJET,2026-04-19,False,3.38
UK058,Vistara,MAA,BOM,2026-04-19 13:46:41.701,2026-04-19 17:04:41.701,03:18:00,0 days 03:18:00,0 days 03:18:00,0 days 03:18:00,198,MAA → BOM,VISTARA,2026-04-19,False,3.3
SJ063,SpiceJet,MAA,BOM,2026-04-19 13:38:41.701,2026-04-19 15:23:41.701,01:45:00,0 days 01:45:00,0 days 01:45:00,0 days 01:45:00,105,MAA → BOM,SPICEJET,2026-04-19,False,1.75
SJ062,SpiceJet,BLR,HYD,2026-04-19 13:37:41.701,2026-04-19 17:06:41.701,03:29:00,0 days 03:29:00,0 days 03:29:00,0 days 03:29:00,209,BLR → HYD,SPICEJET,2026-04-19,False,3.48
UK048,Vistara,MAA,DEL,2026-04-19 13:36:41.701,2026-04-19 18:21:41.701,04:45:00,0 days 04:45:00,0 days 04:45:00,0 days 04:45:00,285,MAA → DEL,VISTARA,2026-04-19,False,4.75
AI181,Air India,MAA,HYD,2026-04-19 13:29:41.703,2026-04-19 16:55:41.703,03:26:00,0 days 03:26:00,0 days 03:26:00,0 days 03:26:00,206,MAA → HYD,AIR INDIA,2026-04-19,False,3.43
AI003,Air India,BLR,HYD,2026-04-19 13:27:41.701,2026-04-19 16:55:41.701,03:28:00,0 days 03:28:00,0 days 03:28:00,0 days 03:28:00,208,BLR → HYD,AIR INDIA,2026-04-19,False,3.47
6F041,IndiGo,MAA,BOM,2026-04-19 13:19:41.701,2026-04-19 16:48:41.701,03:29:00,0 days 03:29:00,0 days 03:29:00,0 days 03:29:00,209,MAA → BOM,INDIGO,2026-04-19,False,3.48
6F175,IndiGo,MAA,CCU,2026-04-19 13:18:41.703,2026-04-19 15:13:41.703,01:55:00,0 days 01:55:00,0 days 01:55:00,0 days 01:55:00,115,MAA → CCU,INDIGO,2026-04-19,False,1.92
6F013,IndiGo,BOM,CCU,2026-04-19 13:15:41.701,2026-04-19 18:05:41.701,04:50:00,0 days 04:50:00,0 days 04:50:00,0 days 04:50:00,290,BOM → CCU,INDIGO,2026-04-19,False,4.83
SJ040,SpiceJet,BOM,CCU,2026-04-19 13:12:41.701,2026-04-19 16:44:41.701,03:32:00,0 days 03:32:00,0 days 03:32:00,0 days 03:32:00,212,BOM → CCU,SPICEJET,2026-04-19,False,3.53
SJ016,SpiceJet,HYD,CCU,2026-04-19 13:01:41.701,2026-04-19 16:26:41.701,03:25:00,0 days 03:25:00,0 days 03:25:00,0 days 03:25:00,205,HYD → CCU,SPICEJET,2026-04-19,False,3.42
6F135,IndiGo,MAA,HYD,2026-04-19 12:59:41.702,2026-04-19 13:45:41.702,00:46:00,0 days 00:46:00,0 days 00:46:00,0 days 00:46:00,46,MAA → HYD,INDIGO,2026-04-19,False,0.77
6F150,IndiGo,HYD,MAA,2026-04-19 12:55:41.703,2026-04-19 16:53:41.703,03:58:00,0 days 03:58:00,0 days 03:58:00,0 days 03:58:00,238,HYD → MAA,INDIGO,2026-04-19,False,3.97
AI083,Air India,DEL,BOM,2026-04-19 12:54:41.702,2026-04-19 13:37:41.702,00:43:00,0 days 00:43:00,0 days 00:43:00,0 days 00:43:00,43,DEL → BOM,AIR INDIA,2026-04-19,False,0.72
SJ166,SpiceJet,CCU,HYD,2026-04-19 12:51:41.703,2026-04-19 16:18:41.703,03:27:00,0 days 03:27:00,0 days 03:27:00,0 days 03:27:00,207,CCU → HYD,SPICEJET,2026-04-19,False,3.45
SJ027,UNKNOWN,BOM,MAA,2026-04-19 12:50:41.701,2026-04-19 17:13:41.701,04:23:00,0 days 04:23:00,0 days 04:23:00,0 days 04:23:00,263,BOM → MAA,UNKNOWN,2026-04-19,False,4.38
6F134,IndiGo,BLR,MAA,2026-04-19 12:47:41.702,2026-04-19 14:06:41.702,01:19:00,0 days 01:19:00,0 days 01:19:00,0 days 01:19:00,79,BLR → MAA,INDIGO,2026-04-19,False,1.32
UK225,Vistara,MAA,BLR,2026-04-19 12:46:41.704,2026-04-19 15:02:41.704,02:16:00,0 days 02:16:00,0 days 02:16:00,0 days 02:16:00,136,MAA → BLR,VISTARA,2026-04-19,False,2.27
SJ175,SpiceJet,MAA,BLR,2026-04-19 12:46:41.703,2026-04-19 16:50:41.703,04:04:00,0 days 04:04:00,0 days 04:04:00,0 days 04:04:00,244,MAA → BLR,SPICEJET,2026-04-19,False,4.07
AI182,Air India,HYD,DEL,2026-04-19 12:41:41.703,2026-04-19 17:14:41.703,04:33:00,0 days 04:33:00,0 days 04:33:00,0 days 04:33:00,273,HYD → DEL,AIR INDIA,2026-04-19,False,4.55
AI190,Air India,BOM,CCU,2026-04-19 12:38:41.703,2026-04-19 15:56:41.703,03:18:00,0 days 03:18:00,0 days 03:18:00,0 days 03:18:00,198,BOM → CCU,AIR INDIA,2026-04-19,False,3.3
AI120,Air India,MAA,CCU,2026-04-19 12:12:41.702,2026-04-19 14:18:41.702,02:06:00,0 days 02:06:00,0 days 02:06:00,0 days 02:06:00,126,MAA → CCU,AIR INDIA,2026-04-19,False,2.1
6F132,IndiGo,MAA,BOM,2026-04-19 12:00:41.702,2026-04-19 13:00:42.000,01:00:00.298000,0 days 01:00:00.298000,0 days 01:00:00,0 days 01:00:00,60,MAA → BOM,INDIGO,2026-04-19,False,1.0
UK102,Vistara,HYD,CCU,2026-04-19 11:58:41.702,2026-04-19 14:01:41.702,02:03:00,0 days 02:03:00,0 days 02:03:00,0 days 02:03:00,123,HYD → CCU,VISTARA,2026-04-19,False,2.05
AI045,Air India,HYD,MAA,2026-04-19 11:58:41.701,2026-04-19 14:37:41.701,02:39:00,0 days 02:39:00,0 days 02:39:00,0 days 02:39:00,159,HYD → MAA,AIR INDIA,2026-04-19,False,2.65
UK136,Vistara,HYD,CCU,2026-04-19 11:43:41.703,2026-04-19 15:26:41.703,03:43:00,0 days 03:43:00,0 days 03:43:00,0 days 03:43:00,223,HYD → CCU,VISTARA,2026-04-19,False,3.72
SJ238,SpiceJet,MAA,BLR,2026-04-19 11:41:41.704,2026-04-19 15:39:41.704,03:58:00,0 days 03:58:00,0 days 03:58:00,0 days 03:58:00,238,MAA → BLR,SPICEJET,2026-04-19,False,3.97
AI193,Air India,MAA,HYD,2026-04-19 11:33:41.703,2026-04-19 16:07:41.703,04:34:00,0 days 04:34:00,0 days 04:34:00,0 days 04:34:00,274,MAA → HYD,AIR INDIA,2026-04-19,False,4.57
6F001,IndiGo,HYD,BOM,2026-04-19 11:33:41.700,2026-04-19 13:08:41.700,01:35:00,0 days 01:35:00,0 days 01:35:00,0 days 01:35:00,95,HYD → BOM,INDIGO,2026-04-19,False,1.58
6F211,IndiGo,MAA,BLR,2026-04-19 11:29:41.703,2026-04-19 16:20:41.703,04:51:00,0 days 04:51:00,0 days 04:51:00,0 days 04:51:00,291,MAA → BLR,INDIGO,2026-04-19,False,4.85
SJ199,SpiceJet,HYD,BOM,2026-04-19 11:29:41.703,2026-04-19 13:59:41.703,02:30:00,0 days 02:30:00,0 days 02:30:00,0 days 02:30:00,150,HYD → BOM,SPICEJET,2026-04-19,False,2.5
SJ050,SpiceJet,HYD,CCU,2026-04-19 11:24:41.701,2026-04-19 12:03:41.701,00:39:00,0 days 00:39:00,0 days 00:39:00,0 days 00:39:00,39,HYD → CCU,SPICEJET,2026-04-19,False,0.65
UK115,Vistara,BLR,BOM,2026-04-19 11:20:41.702,2026-04-19 13:20:42.000,02:00:00.298000,0 days 02:00:00.298000,0 days 02:00:00,0 days 02:00:00,120,BLR → BOM,VISTARA,2026-04-19,False,2.0
AI037,UNKNOWN,BOM,BLR,2026-04-19 11:14:41.701,2026-04-19 15:13:41.701,03:59:00,0 days 03:59:00,0 days 03:59:00,0 days 03:59:00,239,BOM → BLR,UNKNOWN,2026-04-19,False,3.98
6F235,IndiGo,HYD,MAA,2026-04-19 11:06:41.704,2026-04-19 13:51:41.704,02:45:00,0 days 02:45:00,0 days 02:45:00,0 days 02:45:00,165,HYD → MAA,INDIGO,2026-04-19,False,2.75
UK111,Vistara,MAA,BLR,2026-04-19 11:06:41.702,2026-04-19 12:20:41.702,01:14:00,0 days 01:14:00,0 days 01:14:00,0 days 01:14:00,74,MAA → BLR,VISTARA,2026-04-19,False,1.23
6F005,IndiGo,BOM,MAA,2026-04-19 11:04:41.701,2026-04-19 15:27:41.701,04:23:00,0 days 04:23:00,0 days 04:23:00,0 days 04:23:00,263,BOM → MAA,INDIGO,2026-04-19,False,4.38
AI198,Air India,CCU,MAA,2026-04-19 10:56:41.703,2026-04-19 14:19:41.703,03:23:00,0 days 03:23:00,0 days 03:23:00,0 days 03:23:00,203,CCU → MAA,AIR INDIA,2026-04-19,False,3.38
UK184,Vistara,MAA,HYD,2026-04-19 10:49:41.703,2026-04-19 13:00:41.703,02:11:00,0 days 02:11:00,0 days 02:11:00,0 days 02:11:00,131,MAA → HYD,VISTARA,2026-04-19,False,2.18
6F219,IndiGo,MAA,DEL,2026-04-19 10:32:41.704,2026-04-19 14:37:41.704,04:05:00,0 days 04:05:00,0 days 04:05:00,0 days 04:05:00,245,MAA → DEL,INDIGO,2026-04-19,False,4.08
UK066,Vistara,BOM,CCU,2026-04-19 10:29:41.701,2026-04-19 12:07:41.701,01:38:00,0 days 01:38:00,0 days 01:38:00,0 days 01:38:00,98,BOM → CCU,VISTARA,2026-04-19,False,1.63
6F220,IndiGo,HYD,BOM,2026-04-19 10:27:41.704,2026-04-19 11:25:41.704,00:58:00,0 days 00:58:00,0 days 00:58:00,0 days 00:58:00,58,HYD → BOM,INDIGO,2026-04-19,False,0.97
AI180,Air India,BOM,CCU,2026-04-19 10:19:41.703,2026-04-19 11:00:41.703,00:41:00,0 days 00:41:00,0 days 00:41:00,0 days 00:41:00,41,BOM → CCU,AIR INDIA,2026-04-19,False,0.68
6F098,IndiGo,BLR,MAA,2026-04-19 10:18:41.702,2026-04-19 12:49:41.702,02:31:00,0 days 02:31:00,0 days 02:31:00,0 days 02:31:00,151,BLR → MAA,INDIGO,2026-04-19,False,2.52
AI141,Air India,BLR,DEL,2026-04-19 10:16:41.702,2026-04-19 14:53:41.702,04:37:00,0 days 04:37:00,0 days 04:37:00,0 days 04:37:00,277,BLR → DEL,AIR INDIA,2026-04-19,False,4.62
SJ170,SpiceJet,BLR,BOM,2026-04-19 10:11:41.703,2026-04-19 11:56:41.703,01:45:00,0 days 01:45:00,0 days 01:45:00,0 days 01:45:00,105,BLR → BOM,SPICEJET,2026-04-19,False,1.75
SJ178,SpiceJet,BOM,HYD,2026-04-19 09:58:41.703,2026-04-19 12:27:41.703,02:29:00,0 days 02:29:00,0 days 02:29:00,0 days 02:29:00,149,BOM → HYD,SPICEJET,2026-04-19,False,2.48
6F172,IndiGo,BOM,BLR,2026-04-19 09:53:41.703,2026-04-19 14:46:41.703,04:53:00,0 days 04:53:00,0 days 04:53:00,0 days 04:53:00,293,BOM → BLR,INDIGO,2026-04-19,False,4.88
UK220,Vistara,BLR,BOM,2026-04-19 09:51:41.704,2026-04-19 13:25:41.704,03:34:00,0 days 03:34:00,0 days 03:34:00,0 days 03:34:00,214,BLR → BOM,VISTARA,2026-04-19,False,3.57
SJ148,SpiceJet,DEL,BLR,2026-04-19 09:51:41.702,2026-04-19 13:41:41.702,03:50:00,0 days 03:50:00,0 days 03:50:00,0 days 03:50:00,230,DEL → BLR,SPICEJET,2026-04-19,False,3.83
UK065,Vistara,BOM,CCU,2026-04-19 09:38:41.701,2026-04-19 13:46:41.701,04:08:00,0 days 04:08:00,0 days 04:08:00,0 days 04:08:00,248,BOM → CCU,VISTARA,2026-04-19,False,4.13
6F243,IndiGo,BOM,HYD,2026-04-19 09:37:41.704,2026-04-19 10:33:41.704,00:56:00,0 days 00:56:00,0 days 00:56:00,0 days 00:56:00,56,BOM → HYD,INDIGO,2026-04-19,False,0.93
SJ193,SpiceJet,CCU,DEL,2026-04-19 09:37:41.703,2026-04-19 12:16:41.703,02:39:00,0 days 02:39:00,0 days 02:39:00,0 days 02:39:00,159,CCU → DEL,SPICEJET,2026-04-19,False,2.65
UK056,Vistara,HYD,MAA,2026-04-19 09:29:41.701,2026-04-19 10:15:41.701,00:46:00,0 days 00:46:00,0 days 00:46:00,0 days 00:46:00,46,HYD → MAA,VISTARA,2026-04-19,False,0.77
AI219,UNKNOWN,BLR,DEL,2026-04-19 09:28:41.703,2026-04-19 11:27:41.703,01:59:00,0 days 01:59:00,0 days 01:59:00,0 days 01:59:00,119,BLR → DEL,UNKNOWN,2026-04-19,False,1.98
SJ073,SpiceJet,CCU,BLR,2026-04-19 09:26:41.701,2026-04-19 11:14:41.701,01:48:00,0 days 01:48:00,0 days 01:48:00,0 days 01:48:00,108,CCU → BLR,SPICEJET,2026-04-19,False,1.8
6F052,IndiGo,BOM,CCU,2026-04-19 09:13:41.701,2026-04-19 12:02:41.701,02:49:00,0 days 02:49:00,0 days 02:49:00,0 days 02:49:00,169,BOM → CCU,INDIGO,2026-04-19,False,2.82
SJ201,SpiceJet,BLR,DEL,2026-04-19 09:10:41.703,2026-04-19 11:12:41.703,02:02:00,0 days 02:02:00,0 days 02:02:00,0 days 02:02:00,122,BLR → DEL,SPICEJET,2026-04-19,False,2.03
UK028,Vistara,HYD,MAA,2026-04-19 09:02:41.701,2026-04-19 10:37:41.701,01:35:00,0 days 01:35:00,0 days 01:35:00,0 days 01:35:00,95,HYD → MAA,VISTARA,2026-04-19,False,1.58
SJ119,SpiceJet,BOM,CCU,2026-04-19 08:53:41.702,2026-04-19 11:29:41.702,02:36:00,0 days 02:36:00,0 days 02:36:00,0 days 02:36:00,156,BOM → CCU,SPICEJET,2026-04-19,False,2.6
AI165,Air India,DEL,CCU,2026-04-19 08:51:41.703,2026-04-19 10:31:41.703,01:40:00,0 days 01:40:00,0 days 01:40:00,0 days 01:40:00,100,DEL → CCU,AIR INDIA,2026-04-19,False,1.67
AI255,Air India,MAA,CCU,2026-04-19 08:45:41.704,2026-04-19 13:12:41.704,04:27:00,0 days 04:27:00,0 days 04:27:00,0 days 04:27:00,267,MAA → CCU,AIR INDIA,2026-04-19,False,4.45
AI202,Air India,HYD,BLR,2026-04-19 08:44:41.703,2026-04-19 10:53:41.703,02:09:00,0 days 02:09:00,0 days 02:09:00,0 days 02:09:00,129,HYD → BLR,AIR INDIA,2026-04-19,False,2.15
SJ039,SpiceJet,MAA,BOM,2026-04-19 08:41:41.701,2026-04-19 12:08:41.701,03:27:00,0 days 03:27:00,0 days 03:27:00,0 days 03:27:00,207,MAA → BOM,SPICEJET,2026-04-19,False,3.45
SJ051,UNKNOWN,BOM,BLR,2026-04-19 08:40:41.701,2026-04-19 12:18:41.701,03:38:00,0 days 03:38:00,0 days 03:38:00,0 days 03:38:00,218,BOM → BLR,UNKNOWN,2026-04-19,False,3.63
UK024,Vistara,MAA,BLR,2026-04-19 08:29:41.701,2026-04-19 13:29:41.701,05:00:00,0 days 05:00:00,0 days 05:00:00,0 days 05:00:00,300,MAA → BLR,VISTARA,2026-04-19,False,5.0
SJ006,SpiceJet,HYD,BLR,2026-04-19 08:25:41.701,2026-04-19 08:57:41.701,00:32:00,0 days 00:32:00,0 days 00:32:00,0 days 00:32:00,32,HYD → BLR,SPICEJET,2026-04-19,False,0.53
AI207,Air India,BOM,MAA,2026-04-19 08:24:41.703,2026-04-19 11:23:41.703,02:59:00,0 days 02:59:00,0 days 02:59:00,0 days 02:59:00,179,BOM → MAA,AIR INDIA,2026-04-19,False,2.98
SJ168,SpiceJet,CCU,BOM,2026-04-19 08:17:41.703,2026-04-19 12:29:41.703,04:12:00,0 days 04:12:00,0 days 04:12:00,0 days 04:12:00,252,CCU → BOM,SPICEJET,2026-04-19,False,4.2
AI028,Air India,HYD,BOM,2026-04-19 07:53:41.701,2026-04-19 08:35:41.701,00:42:00,0 days 00:42:00,0 days 00:42:00,0 days 00:42:00,42,HYD → BOM,AIR INDIA,2026-04-19,False,0.7
6F094,IndiGo,BLR,BOM,2026-04-19 07:37:41.702,2026-04-19 09:06:41.702,01:29:00,0 days 01:29:00,0 days 01:29:00,0 days 01:29:00,89,BLR → BOM,INDIGO,2026-04-19,False,1.48
6F024,IndiGo,BOM,DEL,2026-04-19 07:31:41.701,2026-04-19 11:17:41.701,03:46:00,0 days 03:46:00,0 days 03:46:00,0 days 03:46:00,226,BOM → DEL,INDIGO,2026-04-19,False,3.77
6F061,IndiGo,MAA,BOM,2026-04-19 07:28:41.701,2026-04-19 08:09:41.701,00:41:00,0 days 00:41:00,0 days 00:41:00,0 days 00:41:00,41,MAA → BOM,INDIGO,2026-04-19,False,0.68
AI032,Air India,MAA,BLR,2026-04-19 07:26:41.701,2026-04-19 09:26:42.000,02:00:00.299000,0 days 02:00:00.299000,0 days 02:00:00,0 days 02:00:00,120,MAA → BLR,AIR INDIA,2026-04-19,False,2.0
UK163,Vistara,DEL,HYD,2026-04-19 07:22:41.703,2026-04-19 09:04:41.703,01:42:00,0 days 01:42:00,0 days 01:42:00,0 days 01:42:00,102,DEL → HYD,VISTARA,2026-04-19,False,1.7
SJ067,SpiceJet,MAA,BLR,2026-04-19 07:17:41.701,2026-04-19 08:16:41.701,00:59:00,0 days 00:59:00,0 days 00:59:00,0 days 00:59:00,59,MAA → BLR,SPICEJET,2026-04-19,False,0.98
SJ106,SpiceJet,CCU,DEL,2026-04-19 07:16:41.702,2026-04-19 09:40:41.702,02:24:00,0 days 02:24:00,0 days 02:24:00,0 days 02:24:00,144,CCU → DEL,SPICEJET,2026-04-19,False,2.4
AI086,Air India,CCU,HYD,2026-04-19 07:13:41.702,2026-04-19 10:09:41.702,02:56:00,0 days 02:56:00,0 days 02:56:00,0 days 02:56:00,176,CCU → HYD,AIR INDIA,2026-04-19,False,2.93
6F263,UNKNOWN,DEL,HYD,2026-04-19 07:07:41.703,2026-04-19 08:30:41.703,01:23:00,0 days 01:23:00,0 days 01:23:00,0 days 01:23:00,83,DEL → HYD,UNKNOWN,2026-04-19,False,1.38
6F163,IndiGo,MAA,BOM,2026-04-19 06:49:41.703,2026-04-19 10:46:41.703,03:57:00,0 days 03:57:00,0 days 03:57:00,0 days 03:57:00,237,MAA → BOM,INDIGO,2026-04-19,False,3.95
SJ064,SpiceJet,CCU,DEL,2026-04-19 06:29:41.701,2026-04-19 08:43:41.701,02:14:00,0 days 02:14:00,0 days 02:14:00,0 days 02:14:00,134,CCU → DEL,SPICEJET,2026-04-19,False,2.23
UK118,Vistara,HYD,BLR,2026-04-19 06:22:41.702,2026-04-19 07:22:42.000,01:00:00.298000,0 days 01:00:00.298000,0 days 01:00:00,0 days 01:00:00,60,HYD → BLR,VISTARA,2026-04-19,False,1.0
UK022,Vistara,DEL,HYD,2026-04-19 06:22:41.701,2026-04-19 10:59:41.701,04:37:00,0 days 04:37:00,0 days 04:37:00,0 days 04:37:00,277,DEL → HYD,VISTARA,2026-04-19,False,4.62
UK099,Vistara,BOM,MAA,2026-04-19 06:16:41.702,2026-04-19 10:24:41.702,04:08:00,0 days 04:08:00,0 days 04:08:00,0 days 04:08:00,248,BOM → MAA,VISTARA,2026-04-19,False,4.13
6F212,IndiGo,BLR,CCU,2026-04-19 06:10:41.703,2026-04-19 10:52:41.703,04:42:00,0 days 04:42:00,0 days 04:42:00,0 days 04:42:00,282,BLR → CCU,INDIGO,2026-04-19,False,4.7
AI023,Air India,HYD,BLR,2026-04-19 06:10:41.701,2026-04-19 09:35:41.701,03:25:00,0 days 03:25:00,0 days 03:25:00,0 days 03:25:00,205,HYD → BLR,AIR INDIA,2026-04-19,False,3.42
SJ245,SpiceJet,BOM,DEL,2026-04-19 06:07:41.704,2026-04-19 09:39:41.704,03:32:00,0 days 03:32:00,0 days 03:32:00,0 days 03:32:00,212,BOM → DEL,SPICEJET,2026-04-19,False,3.53
6F066,IndiGo,BLR,HYD,2026-04-19 06:07:41.701,2026-04-19 07:43:41.701,01:36:00,0 days 01:36:00,0 days 01:36:00,0 days 01:36:00,96,BLR → HYD,INDIGO,2026-04-19,False,1.6
AI138,Air India,DEL,CCU,2026-04-19 05:50:41.702,2026-04-19 06:40:41.702,00:50:00,0 days 00:50:00,0 days 00:50:00,0 days 00:50:00,50,DEL → CCU,AIR INDIA,2026-04-19,False,0.83
SJ021,SpiceJet,HYD,BLR,2026-04-19 05:48:41.701,2026-04-19 09:46:41.701,03:58:00,0 days 03:58:00,0 days 03:58:00,0 days 03:58:00,238,HYD → BLR,SPICEJET,2026-04-19,False,3.97
SJ136,SpiceJet,HYD,BLR,2026-04-19 05:45:41.702,2026-04-19 08:04:41.702,02:19:00,0 days 02:19:00,0 days 02:19:00,0 days 02:19:00,139,HYD → BLR,SPICEJET,2026-04-19,False,2.32
AI148,Air India,HYD,MAA,2026-04-19 05:41:41.703,2026-04-19 08:32:41.703,02:51:00,0 days 02:51:00,0 days 02:51:00,0 days 02:51:00,171,HYD → MAA,AIR INDIA,2026-04-19,False,2.85
SJ014,SpiceJet,BOM,HYD,2026-04-19 05:40:41.701,2026-04-19 06:39:41.701,00:59:00,0 days 00:59:00,0 days 00:59:00,0 days 00:59:00,59,BOM → HYD,SPICEJET,2026-04-19,False,0.98
6F104,IndiGo,CCU,BOM,2026-04-19 05:39:41.702,2026-04-19 06:14:41.702,00:35:00,0 days 00:35:00,0 days 00:35:00,0 days 00:35:00,35,CCU → BOM,INDIGO,2026-04-19,False,0.58
SJ121,SpiceJet,CCU,DEL,2026-04-19 05:32:41.702,2026-04-19 06:47:41.702,01:15:00,0 days 01:15:00,0 days 01:15:00,0 days 01:15:00,75,CCU → DEL,SPICEJET,2026-04-19,False,1.25
UK174,Vistara,CCU,DEL,2026-04-19 05:27:41.703,2026-04-19 07:47:41.703,02:20:00,0 days 02:20:00,0 days 02:20:00,0 days 02:20:00,140,CCU → DEL,VISTARA,2026-04-19,False,2.33
AI033,Air India,MAA,CCU,2026-04-19 05:25:41.701,2026-04-19 10:21:41.701,04:56:00,0 days 04:56:00,0 days 04:56:00,0 days 04:56:00,296,MAA → CCU,AIR INDIA,2026-04-19,False,4.93
SJ122,SpiceJet,CCU,BOM,2026-04-19 05:22:41.702,2026-04-19 10:09:41.702,04:47:00,0 days 04:47:00,0 days 04:47:00,0 days 04:47:00,287,CCU → BOM,SPICEJET,2026-04-19,False,4.78
UK095,Vistara,BOM,MAA,2026-04-19 05:22:41.702,2026-04-19 07:36:41.702,02:14:00,0 days 02:14:00,0 days 02:14:00,0 days 02:14:00,134,BOM → MAA,VISTARA,2026-04-19,False,2.23
SJ026,SpiceJet,CCU,MAA,2026-04-19 05:22:41.701,2026-04-19 09:40:41.701,04:18:00,0 days 04:18:00,0 days 04:18:00,0 days 04:18:00,258,CCU → MAA,SPICEJET,2026-04-19,False,4.3
6F221,IndiGo,MAA,DEL,2026-04-19 05:20:41.704,2026-04-19 08:52:41.704,03:32:00,0 days 03:32:00,0 days 03:32:00,0 days 03:32:00,212,MAA → DEL,INDIGO,2026-04-19,False,3.53
SJ103,SpiceJet,MAA,BLR,2026-04-19 05:16:41.702,2026-04-19 08:56:41.702,03:40:00,0 days 03:40:00,0 days 03:40:00,0 days 03:40:00,220,MAA → BLR,SPICEJET,2026-04-19,False,3.67
SJ011,SpiceJet,BOM,MAA,2026-04-19 05:14:41.701,2026-04-19 09:59:41.701,04:45:00,0 days 04:45:00,0 days 04:45:00,0 days 04:45:00,285,BOM → MAA,SPICEJET,2026-04-19,False,4.75
AI002,Air India,HYD,BLR,2026-04-19 05:12:41.700,2026-04-19 07:12:41.700,02:00:00,0 days 02:00:00,0 days 02:00:00,0 days 02:00:00,120,HYD → BLR,AIR INDIA,2026-04-19,False,2.0
AI046,UNKNOWN,DEL,BOM,2026-04-19 05:09:41.701,2026-04-19 08:00:41.701,02:51:00,0 days 02:51:00,0 days 02:51:00,0 days 02:51:00,171,DEL → BOM,UNKNOWN,2026-04-19,False,2.85
SJ053,SpiceJet,CCU,DEL,2026-04-19 05:00:41.701,2026-04-19 06:38:41.701,01:38:00,0 days 01:38:00,0 days 01:38:00,0 days 01:38:00,98,CCU → DEL,SPICEJET,2026-04-19,False,1.63
AI236,Air India,DEL,BOM,2026-04-19 04:52:41.704,2026-04-19 09:11:41.704,04:19:00,0 days 04:19:00,0 days 04:19:00,0 days 04:19:00,259,DEL → BOM,AIR INDIA,2026-04-19,False,4.32
AI254,Air India,CCU,HYD,2026-04-19 04:46:41.704,2026-04-19 08:06:41.704,03:20:00,0 days 03:20:00,0 days 03:20:00,0 days 03:20:00,200,CCU → HYD,AIR INDIA,2026-04-19,False,3.33
6F063,IndiGo,DEL,HYD,2026-04-19 04:42:41.701,2026-04-19 07:31:41.701,02:49:00,0 days 02:49:00,0 days 02:49:00,0 days 02:49:00,169,DEL → HYD,INDIGO,2026-04-19,False,2.82
6F115,IndiGo,MAA,BLR,2026-04-19 04:41:41.702,2026-04-19 06:23:41.702,01:42:00,0 days 01:42:00,0 days 01:42:00,0 days 01:42:00,102,MAA → BLR,INDIGO,2026-04-19,False,1.7
UK070,Vistara,BOM,DEL,2026-04-19 04:36:41.701,2026-04-19 06:49:41.701,02:13:00,0 days 02:13:00,0 days 02:13:00,0 days 02:13:00,133,BOM → DEL,VISTARA,2026-04-19,False,2.22
SJ147,SpiceJet,BLR,CCU,2026-04-19 04:30:41.702,2026-04-19 08:52:41.702,04:22:00,0 days 04:22:00,0 days 04:22:00,0 days 04:22:00,262,BLR → CCU,SPICEJET,2026-04-19,False,4.37
UK201,Vistara,HYD,BOM,2026-04-19 04:29:41.703,2026-04-19 06:42:41.703,02:13:00,0 days 02:13:00,0 days 02:13:00,0 days 02:13:00,133,HYD → BOM,VISTARA,2026-04-19,False,2.22
SJ234,SpiceJet,BLR,CCU,2026-04-19 04:20:41.704,2026-04-19 06:23:41.704,02:03:00,0 days 02:03:00,0 days 02:03:00,0 days 02:03:00,123,BLR → CCU,SPICEJET,2026-04-19,False,2.05
AI176,Air India,BLR,DEL,2026-04-19 04:20:41.703,2026-04-19 06:25:41.703,02:05:00,0 days 02:05:00,0 days 02:05:00,0 days 02:05:00,125,BLR → DEL,AIR INDIA,2026-04-19,False,2.08
SJ045,SpiceJet,DEL,MAA,2026-04-19 04:16:41.701,2026-04-19 09:03:41.701,04:47:00,0 days 04:47:00,0 days 04:47:00,0 days 04:47:00,287,DEL → MAA,SPICEJET,2026-04-19,False,4.78
SJ174,SpiceJet,CCU,DEL,2026-04-19 04:09:41.703,2026-04-19 05:04:41.703,00:55:00,0 days 00:55:00,0 days 00:55:00,0 days 00:55:00,55,CCU → DEL,SPICEJET,2026-04-19,False,0.92
AI007,Air India,MAA,DEL,2026-04-19 04:01:41.701,2026-04-19 06:01:42.000,02:00:00.299000,0 days 02:00:00.299000,0 days 02:00:00,0 days 02:00:00,120,MAA → DEL,AIR INDIA,2026-04-19,False,2.0
AI143,Air India,CCU,DEL,2026-04-19 03:58:41.702,2026-04-19 04:36:41.702,00:38:00,0 days 00:38:00,0 days 00:38:00,0 days 00:38:00,38,CCU → DEL,AIR INDIA,2026-04-19,False,0.63
SJ241,SpiceJet,DEL,HYD,2026-04-19 03:57:41.704,2026-04-19 06:36:41.704,02:39:00,0 days 02:39:00,0 days 02:39:00,0 days 02:39:00,159,DEL → HYD,SPICEJET,2026-04-19,False,2.65
AI020,UNKNOWN,BOM,BLR,2026-04-19 03:53:41.701,2026-04-19 06:21:41.701,02:28:00,0 days 02:28:00,0 days 02:28:00,0 days 02:28:00,148,BOM → BLR,UNKNOWN,2026-04-19,False,2.47
UK031,Vistara,CCU,DEL,2026-04-19 03:45:41.701,2026-04-19 07:20:41.701,03:35:00,0 days 03:35:00,0 days 03:35:00,0 days 03:35:00,215,CCU → DEL,VISTARA,2026-04-19,False,3.58
AI013,Air India,HYD,BLR,2026-04-19 03:41:41.701,2026-04-19 04:58:41.701,01:17:00,0 days 01:17:00,0 days 01:17:00,0 days 01:17:00,77,HYD → BLR,AIR INDIA,2026-04-19,False,1.28
AI249,Air India,BLR,HYD,2026-04-19 03:38:41.704,2026-04-19 06:27:41.704,02:49:00,0 days 02:49:00,0 days 02:49:00,0 days 02:49:00,169,BLR → HYD,AIR INDIA,2026-04-19,False,2.82
UK046,Vistara,CCU,DEL,2026-04-19 03:37:41.701,2026-04-19 06:05:41.701,02:28:00,0 days 02:28:00,0 days 02:28:00,0 days 02:28:00,148,CCU → DEL,VISTARA,2026-04-19,False,2.47
UK168,Vistara,BLR,CCU,2026-04-19 03:20:41.703,2026-04-19 04:09:41.703,00:49:00,0 days 00:49:00,0 days 00:49:00,0 days 00:49:00,49,BLR → CCU,VISTARA,2026-04-19,False,0.82
AI022,Air India,BOM,MAA,2026-04-19 03:15:41.701,2026-04-19 05:10:41.701,01:55:00,0 days 01:55:00,0 days 01:55:00,0 days 01:55:00,115,BOM → MAA,AIR INDIA,2026-04-19,False,1.92
UK218,Vistara,MAA,BLR,2026-04-19 03:12:41.704,2026-04-19 07:22:41.704,04:10:00,0 days 04:10:00,0 days 04:10:00,0 days 04:10:00,250,MAA → BLR,VISTARA,2026-04-19,False,4.17
UK142,Vistara,BLR,DEL,2026-04-19 03:03:41.703,2026-04-19 07:13:41.703,04:10:00,0 days 04:10:00,0 days 04:10:00,0 days 04:10:00,250,BLR → DEL,VISTARA,2026-04-19,False,4.17
6F067,IndiGo,MAA,BLR,2026-04-19 02:59:41.701,2026-04-19 06:02:41.701,03:03:00,0 days 03:03:00,0 days 03:03:00,0 days 03:03:00,183,MAA → BLR,INDIGO,2026-04-19,False,3.05
SJ217,SpiceJet,BOM,CCU,2026-04-19 02:57:41.703,2026-04-19 06:04:41.703,03:07:00,0 days 03:07:00,0 days 03:07:00,0 days 03:07:00,187,BOM → CCU,SPICEJET,2026-04-19,False,3.12
SJ143,SpiceJet,DEL,BOM,2026-04-19 02:55:41.702,2026-04-19 03:52:41.702,00:57:00,0 days 00:57:00,0 days 00:57:00,0 days 00:57:00,57,DEL → BOM,SPICEJET,2026-04-19,False,0.95
AI243,UNKNOWN,BLR,BOM,2026-04-19 02:50:41.704,2026-04-19 05:09:41.704,02:19:00,0 days 02:19:00,0 days 02:19:00,0 days 02:19:00,139,BLR → BOM,UNKNOWN,2026-04-19,False,2.32
SJ246,SpiceJet,BOM,DEL,2026-04-19 02:47:41.704,2026-04-19 03:47:42.000,01:00:00.296000,0 days 01:00:00.296000,0 days 01:00:00,0 days 01:00:00,60,BOM → DEL,SPICEJET,2026-04-19,False,1.0
6F170,IndiGo,HYD,DEL,2026-04-19 02:44:41.703,2026-04-19 04:14:41.703,01:30:00,0 days 01:30:00,0 days 01:30:00,0 days 01:30:00,90,HYD → DEL,INDIGO,2026-04-19,False,1.5
UK157,Vistara,CCU,BOM,2026-04-19 02:41:41.703,2026-04-19 03:41:42.000,01:00:00.297000,0 days 01:00:00.297000,0 days 01:00:00,0 days 01:00:00,60,CCU → BOM,VISTARA,2026-04-19,False,1.0
UK172,Vistara,DEL,BOM,2026-04-19 02:20:41.703,2026-04-19 05:21:41.703,03:01:00,0 days 03:01:00,0 days 03:01:00,0 days 03:01:00,181,DEL → BOM,VISTARA,2026-04-19,False,3.02
SJ139,SpiceJet,DEL,BLR,2026-04-19 02:20:41.702,2026-04-19 06:02:41.702,03:42:00,0 days 03:42:00,0 days 03:42:00,0 days 03:42:00,222,DEL → BLR,SPICEJET,2026-04-19,False,3.7
UK085,Vistara,MAA,DEL,2026-04-19 02:15:41.702,2026-04-19 03:17:41.702,01:02:00,0 days 01:02:00,0 days 01:02:00,0 days 01:02:00,62,MAA → DEL,VISTARA,2026-04-19,False,1.03
6F079,IndiGo,MAA,HYD,2026-04-19 02:14:41.702,2026-04-19 06:18:41.702,04:04:00,0 days 04:04:00,0 days 04:04:00,0 days 04:04:00,244,MAA → HYD,INDIGO,2026-04-19,False,4.07
SJ032,SpiceJet,MAA,BOM,2026-04-19 02:11:41.701,2026-04-19 04:33:41.701,02:22:00,0 days 02:22:00,0 days 02:22:00,0 days 02:22:00,142,MAA → BOM,SPICEJET,2026-04-19,False,2.37
6F182,IndiGo,BOM,CCU,2026-04-19 02:10:41.703,2026-04-19 04:18:41.703,02:08:00,0 days 02:08:00,0 days 02:08:00,0 days 02:08:00,128,BOM → CCU,INDIGO,2026-04-19,False,2.13
AI106,Air India,HYD,BLR,2026-04-19 02:07:41.702,2026-04-19 03:20:41.702,01:13:00,0 days 01:13:00,0 days 01:13:00,0 days 01:13:00,73,HYD → BLR,AIR INDIA,2026-04-19,False,1.22
AI200,Air India,HYD,MAA,2026-04-19 02:05:41.703,2026-04-19 05:29:41.703,03:24:00,0 days 03:24:00,0 days 03:24:00,0 days 03:24:00,204,HYD → MAA,AIR INDIA,2026-04-19,False,3.4
6F142,IndiGo,CCU,MAA,2026-04-19 02:05:41.702,2026-04-19 06:04:41.702,03:59:00,0 days 03:59:00,0 days 03:59:00,0 days 03:59:00,239,CCU → MAA,INDIGO,2026-04-19,False,3.98
SJ079,SpiceJet,HYD,DEL,2026-04-19 01:58:41.702,2026-04-19 05:02:41.702,03:04:00,0 days 03:04:00,0 days 03:04:00,0 days 03:04:00,184,HYD → DEL,SPICEJET,2026-04-19,False,3.07
SJ082,SpiceJet,BOM,DEL,2026-04-19 01:54:41.702,2026-04-19 02:33:41.702,00:39:00,0 days 00:39:00,0 days 00:39:00,0 days 00:39:00,39,BOM → DEL,SPICEJET,2026-04-19,False,0.65
SJ110,SpiceJet,CCU,DEL,2026-04-19 01:47:41.702,2026-04-19 02:20:41.702,00:33:00,0 days 00:33:00,0 days 00:33:00,0 days 00:33:00,33,CCU → DEL,SPICEJET,2026-04-19,False,0.55
6F262,UNKNOWN,MAA,DEL,2026-04-19 01:44:41.702,2026-04-19 02:47:41.702,01:03:00,0 days 01:03:00,0 days 01:03:00,0 days 01:03:00,63,MAA → DEL,UNKNOWN,2026-04-19,False,1.05
UK143,Vistara,BLR,BOM,2026-04-19 01:34:41.703,2026-04-19 02:48:41.703,01:14:00,0 days 01:14:00,0 days 01:14:00,0 days 01:14:00,74,BLR → BOM,VISTARA,2026-04-19,False,1.23
6F269,UNKNOWN,HYD,MAA,2026-04-19 01:30:41.702,2026-04-19 02:52:41.702,01:22:00,0 days 01:22:00,0 days 01:22:00,0 days 01:22:00,82,HYD → MAA,UNKNOWN,2026-04-19,False,1.37
6F214,IndiGo,BOM,CCU,2026-04-19 01:21:41.703,2026-04-19 05:20:41.703,03:59:00,0 days 03:59:00,0 days 03:59:00,0 days 03:59:00,239,BOM → CCU,INDIGO,2026-04-19,False,3.98
SJ213,SpiceJet,BOM,CCU,2026-04-19 01:19:41.703,2026-04-19 04:48:41.703,03:29:00,0 days 03:29:00,0 days 03:29:00,0 days 03:29:00,209,BOM → CCU,SPICEJET,2026-04-19,False,3.48
SJ072,SpiceJet,DEL,HYD,2026-04-19 01:18:41.701,2026-04-19 04:08:41.701,02:50:00,0 days 02:50:00,0 days 02:50:00,0 days 02:50:00,170,DEL → HYD,SPICEJET,2026-04-19,False,2.83
6F059,IndiGo,BOM,DEL,2026-04-19 01:12:41.701,2026-04-19 06:02:41.701,04:50:00,0 days 04:50:00,0 days 04:50:00,0 days 04:50:00,290,BOM → DEL,INDIGO,2026-04-19,False,4.83
UK202,Vistara,DEL,HYD,2026-04-19 01:11:41.703,2026-04-19 05:37:41.703,04:26:00,0 days 04:26:00,0 days 04:26:00,0 days 04:26:00,266,DEL → HYD,VISTARA,2026-04-19,False,4.43
UK037,Vistara,BLR,BOM,2026-04-19 01:10:41.701,2026-04-19 05:12:41.701,04:02:00,0 days 04:02:00,0 days 04:02:00,0 days 04:02:00,242,BLR → BOM,VISTARA,2026-04-19,False,4.03
UK069,Vistara,CCU,DEL,2026-04-19 01:10:41.701,2026-04-19 03:23:41.701,02:13:00,0 days 02:13:00,0 days 02:13:00,0 days 02:13:00,133,CCU → DEL,VISTARA,2026-04-19,False,2.22
SJ118,SpiceJet,DEL,BOM,2026-04-19 01:08:41.702,2026-04-19 02:33:41.702,01:25:00,0 days 01:25:00,0 days 01:25:00,0 days 01:25:00,85,DEL → BOM,SPICEJET,2026-04-19,False,1.42
6F145,IndiGo,CCU,DEL,2026-04-19 01:02:41.703,2026-04-19 02:18:41.703,01:16:00,0 days 01:16:00,0 days 01:16:00,0 days 01:16:00,76,CCU → DEL,INDIGO,2026-04-19,False,1.27
UK097,Vistara,HYD,BOM,2026-04-19 00:49:41.702,2026-04-19 05:00:41.702,04:11:00,0 days 04:11:00,0 days 04:11:00,0 days 04:11:00,251,HYD → BOM,VISTARA,2026-04-19,False,4.18
6F117,IndiGo,CCU,DEL,2026-04-19 00:46:41.702,2026-04-19 01:51:41.702,01:05:00,0 days 01:05:00,0 days 01:05:00,0 days 01:05:00,65,CCU → DEL,INDIGO,2026-04-19,False,1.08
6F226,IndiGo,DEL,BOM,2026-04-19 00:38:41.704,2026-04-19 02:55:41.704,02:17:00,0 days 02:17:00,0 days 02:17:00,0 days 02:17:00,137,DEL → BOM,INDIGO,2026-04-19,False,2.28
6F050,IndiGo,DEL,BOM,2026-04-19 00:35:41.701,2026-04-19 04:32:41.701,03:57:00,0 days 03:57:00,0 days 03:57:00,0 days 03:57:00,237,DEL → BOM,INDIGO,2026-04-19,False,3.95
UK196,Vistara,BOM,HYD,2026-04-19 00:32:41.703,2026-04-19 04:49:41.703,04:17:00,0 days 04:17:00,0 days 04:17:00,0 days 04:17:00,257,BOM → HYD,VISTARA,2026-04-19,False,4.28
SJ086,SpiceJet,CCU,DEL,2026-04-19 00:32:41.702,2026-04-19 04:17:41.702,03:45:00,0 days 03:45:00,0 days 03:45:00,0 days 03:45:00,225,CCU → DEL,SPICEJET,2026-04-19,False,3.75
AI134,Air India,HYD,BOM,2026-04-19 00:28:41.702,2026-04-19 04:23:41.702,03:55:00,0 days 03:55:00,0 days 03:55:00,0 days 03:55:00,235,HYD → BOM,AIR INDIA,2026-04-19,False,3.92
AI043,Air India,CCU,DEL,2026-04-19 00:28:41.701,2026-04-19 04:37:41.701,04:09:00,0 days 04:09:00,0 days 04:09:00,0 days 04:09:00,249,CCU → DEL,AIR INDIA,2026-04-19,False,4.15
UK119,Vistara,BOM,CCU,2026-04-19 00:21:41.702,2026-04-19 04:38:41.702,04:17:00,0 days 04:17:00,0 days 04:17:00,0 days 04:17:00,257,BOM → CCU,VISTARA,2026-04-19,False,4.28
SJ181,SpiceJet,BOM,BLR,2026-04-19 00:20:41.703,2026-04-19 01:49:41.703,01:29:00,0 days 01:29:00,0 days 01:29:00,0 days 01:29:00,89,BOM → BLR,SPICEJET,2026-04-19,False,1.48
AI070,Air India,CCU,DEL,2026-04-19 00:05:41.702,2026-04-19 01:44:41.702,01:39:00,0 days 01:39:00,0 days 01:39:00,0 days 01:39:00,99,CCU → DEL,AIR INDIA,2026-04-19,False,1.65
6F233,IndiGo,BLR,BOM,2026-04-18 23:56:41.704,2026-04-19 03:53:41.704,03:57:00,0 days 03:57:00,0 days 03:57:00,0 days 03:57:00,237,BLR → BOM,INDIGO,2026-04-18,True,3.95
UK013,Vistara,BOM,MAA,2026-04-18 23:52:41.701,2026-04-19 02:52:41.701,03:00:00,0 days 03:00:00,0 days 03:00:00,0 days 03:00:00,180,BOM → MAA,VISTARA,2026-04-18,True,3.0
6F015,IndiGo,BOM,CCU,2026-04-18 23:39:41.701,2026-04-19 02:27:41.701,02:48:00,0 days 02:48:00,0 days 02:48:00,0 days 02:48:00,168,BOM → CCU,INDIGO,2026-04-18,True,2.8
SJ247,SpiceJet,DEL,BOM,2026-04-18 23:38:41.704,2026-04-19 03:43:41.704,04:05:00,0 days 04:05:00,0 days 04:05:00,0 days 04:05:00,245,DEL → BOM,SPICEJET,2026-04-18,True,4.08
AI067,Air India,HYD,DEL,2026-04-18 23:36:41.701,2026-04-19 03:09:41.701,03:33:00,0 days 03:33:00,0 days 03:33:00,0 days 03:33:00,213,HYD → DEL,AIR INDIA,2026-04-18,True,3.55
AI211,Air India,DEL,CCU,2026-04-18 23:34:41.703,2026-04-19 01:21:41.703,01:47:00,0 days 01:47:00,0 days 01:47:00,0 days 01:47:00,107,DEL → CCU,AIR INDIA,2026-04-18,True,1.78
UK029,Vistara,DEL,BOM,2026-04-18 23:26:41.701,2026-04-19 02:15:41.701,02:49:00,0 days 02:49:00,0 days 02:49:00,0 days 02:49:00,169,DEL → BOM,VISTARA,2026-04-18,True,2.82
SJ200,SpiceJet,BOM,DEL,2026-04-18 23:24:41.703,2026-04-19 02:11:41.703,02:47:00,0 days 02:47:00,0 days 02:47:00,0 days 02:47:00,167,BOM → DEL,SPICEJET,2026-04-18,True,2.78
6F087,IndiGo,DEL,HYD,2026-04-18 23:24:41.702,2026-04-19 03:10:41.702,03:46:00,0 days 03:46:00,0 days 03:46:00,0 days 03:46:00,226,DEL → HYD,INDIGO,2026-04-18,True,3.77
SJ210,SpiceJet,HYD,CCU,2026-04-18 23:21:41.703,2026-04-19 02:54:41.703,03:33:00,0 days 03:33:00,0 days 03:33:00,0 days 03:33:00,213,HYD → CCU,SPICEJET,2026-04-18,True,3.55
AI101,Air India,DEL,BLR,2026-04-18 23:20:41.702,2026-04-19 02:23:41.702,03:03:00,0 days 03:03:00,0 days 03:03:00,0 days 03:03:00,183,DEL → BLR,AIR INDIA,2026-04-18,True,3.05
UK075,Vistara,MAA,CCU,2026-04-18 23:15:41.702,2026-04-19 03:54:41.702,04:39:00,0 days 04:39:00,0 days 04:39:00,0 days 04:39:00,279,MAA → CCU,VISTARA,2026-04-18,True,4.65
SJ091,SpiceJet,BLR,CCU,2026-04-18 23:10:41.702,2026-04-19 00:47:41.702,01:37:00,0 days 01:37:00,0 days 01:37:00,0 days 01:37:00,97,BLR → CCU,SPICEJET,2026-04-18,True,1.62
AI251,Air India,MAA,DEL,2026-04-18 22:40:41.704,2026-04-18 23:24:41.704,00:44:00,0 days 00:44:00,0 days 00:44:00,0 days 00:44:00,44,MAA → DEL,AIR INDIA,2026-04-18,False,0.73
SJ042,SpiceJet,HYD,CCU,2026-04-18 22:38:41.701,2026-04-19 02:20:41.701,03:42:00,0 days 03:42:00,0 days 03:42:00,0 days 03:42:00,222,HYD → CCU,SPICEJET,2026-04-18,True,3.7
UK126,Vistara,CCU,DEL,2026-04-18 22:37:41.702,2026-04-19 00:03:41.702,01:26:00,0 days 01:26:00,0 days 01:26:00,0 days 01:26:00,86,CCU → DEL,VISTARA,2026-04-18,True,1.43
6F042,IndiGo,HYD,DEL,2026-04-18 22:35:41.701,2026-04-19 02:41:41.701,04:06:00,0 days 04:06:00,0 days 04:06:00,0 days 04:06:00,246,HYD → DEL,INDIGO,2026-04-18,True,4.1
AI116,Air India,CCU,BOM,2026-04-18 22:30:41.702,2026-04-19 01:57:41.702,03:27:00,0 days 03:27:00,0 days 03:27:00,0 days 03:27:00,207,CCU → BOM,AIR INDIA,2026-04-18,True,3.45
SJ209,SpiceJet,BLR,BOM,2026-04-18 22:22:41.703,2026-04-19 02:03:41.703,03:41:00,0 days 03:41:00,0 days 03:41:00,0 days 03:41:00,221,BLR → BOM,SPICEJET,2026-04-18,True,3.68
AI123,Air India,MAA,BOM,2026-04-18 22:19:41.702,2026-04-19 00:45:41.702,02:26:00,0 days 02:26:00,0 days 02:26:00,0 days 02:26:00,146,MAA → BOM,AIR INDIA,2026-04-18,True,2.43
6F016,IndiGo,HYD,BOM,2026-04-18 22:18:41.701,2026-04-18 22:54:41.701,00:36:00,0 days 00:36:00,0 days 00:36:00,0 days 00:36:00,36,HYD → BOM,INDIGO,2026-04-18,False,0.6
UK012,Vistara,MAA,BOM,2026-04-18 22:16:41.701,2026-04-19 00:25:41.701,02:09:00,0 days 02:09:00,0 days 02:09:00,0 days 02:09:00,129,MAA → BOM,VISTARA,2026-04-18,True,2.15
SJ188,SpiceJet,BLR,BOM,2026-04-18 22:15:41.703,2026-04-18 22:55:41.703,00:40:00,0 days 00:40:00,0 days 00:40:00,0 days 00:40:00,40,BLR → BOM,SPICEJET,2026-04-18,False,0.67
UK096,Vistara,BLR,HYD,2026-04-18 22:11:41.702,2026-04-19 00:06:41.702,01:55:00,0 days 01:55:00,0 days 01:55:00,0 days 01:55:00,115,BLR → HYD,VISTARA,2026-04-18,True,1.92
SJ046,SpiceJet,BOM,MAA,2026-04-18 22:01:41.701,2026-04-19 01:25:41.701,03:24:00,0 days 03:24:00,0 days 03:24:00,0 days 03:24:00,204,BOM → MAA,SPICEJET,2026-04-18,True,3.4
UK081,UNKNOWN,BLR,DEL,2026-04-18 22:00:41.702,2026-04-18 23:00:41.702,01:00:00,0 days 01:00:00,0 days 01:00:00,0 days 01:00:00,60,BLR → DEL,UNKNOWN,2026-04-18,False,1.0
UK191,Vistara,MAA,BLR,2026-04-18 21:51:41.703,2026-04-18 22:57:41.703,01:06:00,0 days 01:06:00,0 days 01:06:00,0 days 01:06:00,66,MAA → BLR,VISTARA,2026-04-18,False,1.1
6F064,IndiGo,CCU,DEL,2026-04-18 21:45:41.701,2026-04-18 22:50:41.701,01:05:00,0 days 01:05:00,0 days 01:05:00,0 days 01:05:00,65,CCU → DEL,INDIGO,2026-04-18,False,1.08
AI005,Air India,DEL,CCU,2026-04-18 21:24:41.701,2026-04-18 22:11:41.701,00:47:00,0 days 00:47:00,0 days 00:47:00,0 days 00:47:00,47,DEL → CCU,AIR INDIA,2026-04-18,False,0.78
6F021,IndiGo,BLR,MAA,2026-04-18 21:23:41.701,2026-04-19 01:25:41.701,04:02:00,0 days 04:02:00,0 days 04:02:00,0 days 04:02:00,242,BLR → MAA,INDIGO,2026-04-18,True,4.03
AI169,Air India,CCU,DEL,2026-04-18 21:21:41.703,2026-04-19 01:34:41.703,04:13:00,0 days 04:13:00,0 days 04:13:00,0 days 04:13:00,253,CCU → DEL,AIR INDIA,2026-04-18,True,4.22
UK035,Vistara,HYD,BOM,2026-04-18 21:08:41.701,2026-04-18 22:24:41.701,01:16:00,0 days 01:16:00,0 days 01:16:00,0 days 01:16:00,76,HYD → BOM,VISTARA,2026-04-18,False,1.27
AI040,Air India,HYD,BLR,2026-04-18 21:01:41.701,2026-04-18 22:42:41.701,01:41:00,0 days 01:41:00,0 days 01:41:00,0 days 01:41:00,101,HYD → BLR,AIR INDIA,2026-04-18,False,1.68
UK042,Vistara,MAA,BOM,2026-04-18 20:59:41.701,2026-04-19 01:38:41.701,04:39:00,0 days 04:39:00,0 days 04:39:00,0 days 04:39:00,279,MAA → BOM,VISTARA,2026-04-18,True,4.65
SJ171,SpiceJet,DEL,HYD,2026-04-18 20:52:41.703,2026-04-18 23:52:41.703,03:00:00,0 days 03:00:00,0 days 03:00:00,0 days 03:00:00,180,DEL → HYD,SPICEJET,2026-04-18,False,3.0
AI250,UNKNOWN,BOM,CCU,2026-04-18 20:48:41.704,2026-04-19 00:12:41.704,03:24:00,0 days 03:24:00,0 days 03:24:00,0 days 03:24:00,204,BOM → CCU,UNKNOWN,2026-04-18,True,3.4
SJ195,SpiceJet,BOM,CCU,2026-04-18 20:41:41.703,2026-04-18 23:54:41.703,03:13:00,0 days 03:13:00,0 days 03:13:00,0 days 03:13:00,193,BOM → CCU,SPICEJET,2026-04-18,False,3.22
UK211,Vistara,MAA,CCU,2026-04-18 20:39:41.704,2026-04-18 22:02:41.704,01:23:00,0 days 01:23:00,0 days 01:23:00,0 days 01:23:00,83,MAA → CCU,VISTARA,2026-04-18,False,1.38
UK122,Vistara,HYD,CCU,2026-04-18 20:29:42.000,2026-04-18 23:29:42.000,03:00:00,0 days 03:00:00,0 days 03:00:00,0 days 03:00:00,180,HYD → CCU,VISTARA,2026-04-18,False,3.0
AI136,Air India,BLR,DEL,2026-04-18 20:29:41.702,2026-04-18 23:48:41.702,03:19:00,0 days 03:19:00,0 days 03:19:00,0 days 03:19:00,199,BLR → DEL,AIR INDIA,2026-04-18,False,3.32
6F141,IndiGo,BOM,CCU,2026-04-18 20:26:41.702,2026-04-18 22:28:41.702,02:02:00,0 days 02:02:00,0 days 02:02:00,0 days 02:02:00,122,BOM → CCU,INDIGO,2026-04-18,False,2.03
6F053,IndiGo,DEL,HYD,2026-04-18 20:26:41.701,2026-04-19 00:39:41.701,04:13:00,0 days 04:13:00,0 days 04:13:00,0 days 04:13:00,253,DEL → HYD,INDIGO,2026-04-18,True,4.22
6F136,IndiGo,CCU,DEL,2026-04-18 20:24:41.702,2026-04-18 21:01:41.702,00:37:00,0 days 00:37:00,0 days 00:37:00,0 days 00:37:00,37,CCU → DEL,INDIGO,2026-04-18,False,0.62
6F009,IndiGo,BLR,CCU,2026-04-18 20:21:41.701,2026-04-18 23:36:41.701,03:15:00,0 days 03:15:00,0 days 03:15:00,0 days 03:15:00,195,BLR → CCU,INDIGO,2026-04-18,False,3.25
6F023,IndiGo,MAA,BLR,2026-04-18 20:18:41.701,2026-04-19 00:14:41.701,03:56:00,0 days 03:56:00,0 days 03:56:00,0 days 03:56:00,236,MAA → BLR,INDIGO,2026-04-18,True,3.93
UK006,Vistara,MAA,CCU,2026-04-18 20:16:41.701,2026-04-18 21:55:41.701,01:39:00,0 days 01:39:00,0 days 01:39:00,0 days 01:39:00,99,MAA → CCU,VISTARA,2026-04-18,False,1.65
SJ165,SpiceJet,CCU,BOM,2026-04-18 20:08:41.703,2026-04-18 23:18:41.703,03:10:00,0 days 03:10:00,0 days 03:10:00,0 days 03:10:00,190,CCU → BOM,SPICEJET,2026-04-18,False,3.17
6F189,IndiGo,MAA,BLR,2026-04-18 20:08:41.703,2026-04-18 21:51:41.703,01:43:00,0 days 01:43:00,0 days 01:43:00,0 days 01:43:00,103,MAA → BLR,INDIGO,2026-04-18,False,1.72
AI131,Air India,MAA,BOM,2026-04-18 19:55:41.702,2026-04-18 22:35:41.702,02:40:00,0 days 02:40:00,0 days 02:40:00,0 days 02:40:00,160,MAA → BOM,AIR INDIA,2026-04-18,False,2.67
6F004,IndiGo,BOM,CCU,2026-04-18 19:53:41.701,2026-04-18 23:33:41.701,03:40:00,0 days 03:40:00,0 days 03:40:00,0 days 03:40:00,220,BOM → CCU,INDIGO,2026-04-18,False,3.67
AI027,Air India,BOM,MAA,2026-04-18 19:41:41.701,2026-04-18 23:23:41.701,03:42:00,0 days 03:42:00,0 days 03:42:00,0 days 03:42:00,222,BOM → MAA,AIR INDIA,2026-04-18,False,3.7
AI238,Air India,CCU,MAA,2026-04-18 19:25:41.704,2026-04-19 00:07:41.704,04:42:00,0 days 04:42:00,0 days 04:42:00,0 days 04:42:00,282,CCU → MAA,AIR INDIA,2026-04-18,True,4.7
SJ105,SpiceJet,BOM,HYD,2026-04-18 19:22:41.702,2026-04-18 22:48:41.702,03:26:00,0 days 03:26:00,0 days 03:26:00,0 days 03:26:00,206,BOM → HYD,SPICEJET,2026-04-18,False,3.43
UK088,UNKNOWN,MAA,BLR,2026-04-18 19:16:41.702,2026-04-18 23:36:41.702,04:20:00,0 days 04:20:00,0 days 04:20:00,0 days 04:20:00,260,MAA → BLR,UNKNOWN,2026-04-18,False,4.33
6F035,IndiGo,CCU,HYD,2026-04-18 19:16:41.701,2026-04-18 23:40:41.701,04:24:00,0 days 04:24:00,0 days 04:24:00,0 days 04:24:00,264,CCU → HYD,INDIGO,2026-04-18,False,4.4
AI133,Air India,DEL,CCU,2026-04-18 19:12:41.702,2026-04-18 21:32:41.702,02:20:00,0 days 02:20:00,0 days 02:20:00,0 days 02:20:00,140,DEL → CCU,AIR INDIA,2026-04-18,False,2.33
AI001,Air India,DEL,HYD,2026-04-18 19:00:41.700,2026-04-18 22:03:41.700,03:03:00,0 days 03:03:00,0 days 03:03:00,0 days 03:03:00,183,DEL → HYD,AIR INDIA,2026-04-18,False,3.05
SJ133,SpiceJet,BOM,CCU,2026-04-18 18:50:41.702,2026-04-18 21:29:41.702,02:39:00,0 days 02:39:00,0 days 02:39:00,0 days 02:39:00,159,BOM → CCU,SPICEJET,2026-04-18,False,2.65
SJ216,SpiceJet,BOM,CCU,2026-04-18 18:35:41.703,2026-04-18 21:31:41.703,02:56:00,0 days 02:56:00,0 days 02:56:00,0 days 02:56:00,176,BOM → CCU,SPICEJET,2026-04-18,False,2.93
SJ225,UNKNOWN,DEL,HYD,2026-04-18 18:16:41.704,2026-04-18 20:53:41.704,02:37:00,0 days 02:37:00,0 days 02:37:00,0 days 02:37:00,157,DEL → HYD,UNKNOWN,2026-04-18,False,2.62
AI147,Air India,HYD,CCU,2026-04-18 18:14:41.703,2026-04-18 20:10:41.703,01:56:00,0 days 01:56:00,0 days 01:56:00,0 days 01:56:00,116,HYD → CCU,AIR INDIA,2026-04-18,False,1.93
SJ054,SpiceJet,MAA,BLR,2026-04-18 18:13:41.701,2026-04-18 22:46:41.701,04:33:00,0 days 04:33:00,0 days 04:33:00,0 days 04:33:00,273,MAA → BLR,SPICEJET,2026-04-18,False,4.55
6F197,IndiGo,BOM,BLR,2026-04-18 17:59:41.703,2026-04-18 22:44:41.703,04:45:00,0 days 04:45:00,0 days 04:45:00,0 days 04:45:00,285,BOM → BLR,INDIGO,2026-04-18,False,4.75
SJ066,SpiceJet,HYD,CCU,2026-04-18 17:47:41.701,2026-04-18 19:03:41.701,01:16:00,0 days 01:16:00,0 days 01:16:00,0 days 01:16:00,76,HYD → CCU,SPICEJET,2026-04-18,False,1.27
SJ183,SpiceJet,CCU,DEL,2026-04-18 17:44:41.703,2026-04-18 19:40:41.703,01:56:00,0 days 01:56:00,0 days 01:56:00,0 days 01:56:00,116,CCU → DEL,SPICEJET,2026-04-18,False,1.93
SJ151,SpiceJet,BOM,CCU,2026-04-18 17:44:41.702,2026-04-18 19:16:41.702,01:32:00,0 days 01:32:00,0 days 01:32:00,0 days 01:32:00,92,BOM → CCU,SPICEJET,2026-04-18,False,1.53
SJ071,SpiceJet,CCU,MAA,2026-04-18 17:43:41.701,2026-04-18 19:32:41.701,01:49:00,0 days 01:49:00,0 days 01:49:00,0 days 01:49:00,109,CCU → MAA,SPICEJET,2026-04-18,False,1.82
SJ102,SpiceJet,MAA,CCU,2026-04-18 17:26:41.702,2026-04-18 18:58:41.702,01:32:00,0 days 01:32:00,0 days 01:32:00,0 days 01:32:00,92,MAA → CCU,SPICEJET,2026-04-18,False,1.53
AI209,Air India,BLR,CCU,2026-04-18 17:25:41.703,2026-04-18 18:37:41.703,01:12:00,0 days 01:12:00,0 days 01:12:00,0 days 01:12:00,72,BLR → CCU,AIR INDIA,2026-04-18,False,1.2
6F111,IndiGo,HYD,DEL,2026-04-18 17:09:41.702,2026-04-18 20:02:41.702,02:53:00,0 days 02:53:00,0 days 02:53:00,0 days 02:53:00,173,HYD → DEL,INDIGO,2026-04-18,False,2.88
AI050,Air India,BLR,BOM,2026-04-18 17:07:41.701,2026-04-18 19:42:41.701,02:35:00,0 days 02:35:00,0 days 02:35:00,0 days 02:35:00,155,BLR → BOM,AIR INDIA,2026-04-18,False,2.58
SJ189,SpiceJet,HYD,BLR,2026-04-18 17:05:41.703,2026-04-18 22:01:41.703,04:56:00,0 days 04:56:00,0 days 04:56:00,0 days 04:56:00,296,HYD → BLR,SPICEJET,2026-04-18,False,4.93
UK112,UNKNOWN,CCU,DEL,2026-04-18 17:05:41.702,2026-04-18 19:47:41.702,02:42:00,0 days 02:42:00,0 days 02:42:00,0 days 02:42:00,162,CCU → DEL,UNKNOWN,2026-04-18,False,2.7
6F171,IndiGo,DEL,BLR,2026-04-18 17:03:41.703,2026-04-18 18:12:41.703,01:09:00,0 days 01:09:00,0 days 01:09:00,0 days 01:09:00,69,DEL → BLR,INDIGO,2026-04-18,False,1.15
AI011,Air India,CCU,BOM,2026-04-18 16:58:41.701,2026-04-18 21:01:41.701,04:03:00,0 days 04:03:00,0 days 04:03:00,0 days 04:03:00,243,CCU → BOM,AIR INDIA,2026-04-18,False,4.05
6F027,IndiGo,BLR,DEL,2026-04-18 16:52:41.701,2026-04-18 18:21:41.701,01:29:00,0 days 01:29:00,0 days 01:29:00,0 days 01:29:00,89,BLR → DEL,INDIGO,2026-04-18,False,1.48
UK082,Vistara,DEL,BOM,2026-04-18 16:50:41.702,2026-04-18 21:21:41.702,04:31:00,0 days 04:31:00,0 days 04:31:00,0 days 04:31:00,271,DEL → BOM,VISTARA,2026-04-18,False,4.52
UK138,Vistara,DEL,BLR,2026-04-18 16:47:41.703,2026-04-18 19:36:41.703,02:49:00,0 days 02:49:00,0 days 02:49:00,0 days 02:49:00,169,DEL → BLR,VISTARA,2026-04-18,False,2.82
UK198,Vistara,DEL,BLR,2026-04-18 16:43:41.703,2026-04-18 18:18:41.703,01:35:00,0 days 01:35:00,0 days 01:35:00,0 days 01:35:00,95,DEL → BLR,VISTARA,2026-04-18,False,1.58
6F039,IndiGo,MAA,CCU,2026-04-18 16:43:41.701,2026-04-18 21:01:41.701,04:18:00,0 days 04:18:00,0 days 04:18:00,0 days 04:18:00,258,MAA → CCU,INDIGO,2026-04-18,False,4.3
6F157,IndiGo,MAA,CCU,2026-04-18 16:37:41.703,2026-04-18 18:04:41.703,01:27:00,0 days 01:27:00,0 days 01:27:00,0 days 01:27:00,87,MAA → CCU,INDIGO,2026-04-18,False,1.45
SJ024,SpiceJet,DEL,MAA,2026-04-18 16:29:41.701,2026-04-18 20:21:41.701,03:52:00,0 days 03:52:00,0 days 03:52:00,0 days 03:52:00,232,DEL → MAA,SPICEJET,2026-04-18,False,3.87
6F167,IndiGo,BLR,BOM,2026-04-18 16:26:41.703,2026-04-18 17:50:41.703,01:24:00,0 days 01:24:00,0 days 01:24:00,0 days 01:24:00,84,BLR → BOM,INDIGO,2026-04-18,False,1.4
AI197,Air India,BOM,CCU,2026-04-18 16:25:41.703,2026-04-18 20:00:41.703,03:35:00,0 days 03:35:00,0 days 03:35:00,0 days 03:35:00,215,BOM → CCU,AIR INDIA,2026-04-18,False,3.58
SJ211,SpiceJet,MAA,BOM,2026-04-18 16:22:41.703,2026-04-18 18:34:41.703,02:12:00,0 days 02:12:00,0 days 02:12:00,0 days 02:12:00,132,MAA → BOM,SPICEJET,2026-04-18,False,2.2
6F055,IndiGo,DEL,CCU,2026-04-18 16:21:41.701,2026-04-18 18:49:41.701,02:28:00,0 days 02:28:00,0 days 02:28:00,0 days 02:28:00,148,DEL → CCU,INDIGO,2026-04-18,False,2.47
AI253,Air India,BLR,BOM,2026-04-18 16:13:41.704,2026-04-18 19:51:41.704,03:38:00,0 days 03:38:00,0 days 03:38:00,0 days 03:38:00,218,BLR → BOM,AIR INDIA,2026-04-18,False,3.63
UK060,Vistara,BLR,CCU,2026-04-18 16:09:41.701,2026-04-18 19:42:41.701,03:33:00,0 days 03:33:00,0 days 03:33:00,0 days 03:33:00,213,BLR → CCU,VISTARA,2026-04-18,False,3.55
6F257,UNKNOWN,MAA,CCU,2026-04-18 16:04:41.704,2026-04-18 19:55:41.704,03:51:00,0 days 03:51:00,0 days 03:51:00,0 days 03:51:00,231,MAA → CCU,UNKNOWN,2026-04-18,False,3.85
SJ135,SpiceJet,MAA,CCU,2026-04-18 16:03:41.702,2026-04-18 19:48:41.702,03:45:00,0 days 03:45:00,0 days 03:45:00,0 days 03:45:00,225,MAA → CCU,SPICEJET,2026-04-18,False,3.75
AI247,Air India,BOM,CCU,2026-04-18 15:58:41.704,2026-04-18 19:02:41.704,03:04:00,0 days 03:04:00,0 days 03:04:00,0 days 03:04:00,184,BOM → CCU,AIR INDIA,2026-04-18,False,3.07
UK127,Vistara,BOM,HYD,2026-04-18 15:56:41.702,2026-04-18 20:00:41.702,04:04:00,0 days 04:04:00,0 days 04:04:00,0 days 04:04:00,244,BOM → HYD,VISTARA,2026-04-18,False,4.07
AI109,Air India,BLR,BOM,2026-04-18 15:53:41.702,2026-04-18 20:14:41.702,04:21:00,0 days 04:21:00,0 days 04:21:00,0 days 04:21:00,261,BLR → BOM,AIR INDIA,2026-04-18,False,4.35
AI057,Air India,BOM,CCU,2026-04-18 15:53:41.701,2026-04-18 19:22:41.701,03:29:00,0 days 03:29:00,0 days 03:29:00,0 days 03:29:00,209,BOM → CCU,AIR INDIA,2026-04-18,False,3.48
6F103,IndiGo,CCU,MAA,2026-04-18 15:37:41.702,2026-04-18 18:32:41.702,02:55:00,0 days 02:55:00,0 days 02:55:00,0 days 02:55:00,175,CCU → MAA,INDIGO,2026-04-18,False,2.92
SJ144,SpiceJet,BLR,BOM,2026-04-18 15:35:41.702,2026-04-18 19:12:41.702,03:37:00,0 days 03:37:00,0 days 03:37:00,0 days 03:37:00,217,BLR → BOM,SPICEJET,2026-04-18,False,3.62
6F076,IndiGo,CCU,HYD,2026-04-18 15:35:41.702,2026-04-18 16:20:41.702,00:45:00,0 days 00:45:00,0 days 00:45:00,0 days 00:45:00,45,CCU → HYD,INDIGO,2026-04-18,False,0.75
6F240,IndiGo,DEL,HYD,2026-04-18 15:31:41.704,2026-04-18 19:56:41.704,04:25:00,0 days 04:25:00,0 days 04:25:00,0 days 04:25:00,265,DEL → HYD,INDIGO,2026-04-18,False,4.42
UK057,Vistara,CCU,DEL,2026-04-18 15:25:41.701,2026-04-18 20:04:41.701,04:39:00,0 days 04:39:00,0 days 04:39:00,0 days 04:39:00,279,CCU → DEL,VISTARA,2026-04-18,False,4.65
AI201,Air India,BLR,CCU,2026-04-18 15:19:41.703,2026-04-18 16:40:41.703,01:21:00,0 days 01:21:00,0 days 01:21:00,0 days 01:21:00,81,BLR → CCU,AIR INDIA,2026-04-18,False,1.35
SJ242,SpiceJet,BLR,HYD,2026-04-18 14:55:41.704,2026-04-18 17:42:41.704,02:47:00,0 days 02:47:00,0 days 02:47:00,0 days 02:47:00,167,BLR → HYD,SPICEJET,2026-04-18,False,2.78
6F037,IndiGo,BOM,MAA,2026-04-18 14:51:41.701,2026-04-18 17:23:41.701,02:32:00,0 days 02:32:00,0 days 02:32:00,0 days 02:32:00,152,BOM → MAA,INDIGO,2026-04-18,False,2.53
SJ132,SpiceJet,MAA,DEL,2026-04-18 14:44:41.702,2026-04-18 15:36:41.702,00:52:00,0 days 00:52:00,0 days 00:52:00,0 days 00:52:00,52,MAA → DEL,SPICEJET,2026-04-18,False,0.87
AI055,Air India,CCU,BOM,2026-04-18 14:39:41.701,2026-04-18 16:18:41.701,01:39:00,0 days 01:39:00,0 days 01:39:00,0 days 01:39:00,99,CCU → BOM,AIR INDIA,2026-04-18,False,1.65
6F252,UNKNOWN,MAA,BLR,2026-04-18 14:25:41.701,2026-04-18 18:52:41.701,04:27:00,0 days 04:27:00,0 days 04:27:00,0 days 04:27:00,267,MAA → BLR,UNKNOWN,2026-04-18,False,4.45
AI183,Air India,DEL,CCU,2026-04-18 14:24:41.703,2026-04-18 16:06:41.703,01:42:00,0 days 01:42:00,0 days 01:42:00,0 days 01:42:00,102,DEL → CCU,AIR INDIA,2026-04-18,False,1.7
SJ125,SpiceJet,DEL,BLR,2026-04-18 14:21:41.702,2026-04-18 16:55:41.702,02:34:00,0 days 02:34:00,0 days 02:34:00,0 days 02:34:00,154,DEL → BLR,SPICEJET,2026-04-18,False,2.57
SJ087,SpiceJet,BOM,DEL,2026-04-18 14:20:41.702,2026-04-18 19:09:41.702,04:49:00,0 days 04:49:00,0 days 04:49:00,0 days 04:49:00,289,BOM → DEL,SPICEJET,2026-04-18,False,4.82
UK182,Vistara,HYD,CCU,2026-04-18 14:19:41.703,2026-04-18 18:25:41.703,04:06:00,0 days 04:06:00,0 days 04:06:00,0 days 04:06:00,246,HYD → CCU,VISTARA,2026-04-18,False,4.1
AI016,Air India,BOM,CCU,2026-04-18 14:15:41.701,2026-04-18 18:38:41.701,04:23:00,0 days 04:23:00,0 days 04:23:00,0 days 04:23:00,263,BOM → CCU,AIR INDIA,2026-04-18,False,4.38
6F107,IndiGo,CCU,BLR,2026-04-18 14:14:41.702,2026-04-18 17:14:42.000,03:00:00.298000,0 days 03:00:00.298000,0 days 03:00:00,0 days 03:00:00,180,CCU → BLR,INDIGO,2026-04-18,False,3.0
AI026,Air India,DEL,BOM,2026-04-18 14:14:41.701,2026-04-18 15:13:41.701,00:59:00,0 days 00:59:00,0 days 00:59:00,0 days 00:59:00,59,DEL → BOM,AIR INDIA,2026-04-18,False,0.98
AI177,Air India,CCU,HYD,2026-04-18 14:11:41.703,2026-04-18 16:26:41.703,02:15:00,0 days 02:15:00,0 days 02:15:00,0 days 02:15:00,135,CCU → HYD,AIR INDIA,2026-04-18,False,2.25
AI041,Air India,BOM,BLR,2026-04-18 14:08:41.701,2026-04-18 15:59:41.701,01:51:00,0 days 01:51:00,0 days 01:51:00,0 days 01:51:00,111,BOM → BLR,AIR INDIA,2026-04-18,False,1.85
6F264,UNKNOWN,DEL,HYD,2026-04-18 14:03:41.701,2026-04-18 18:23:41.701,04:20:00,0 days 04:20:00,0 days 04:20:00,0 days 04:20:00,260,DEL → HYD,UNKNOWN,2026-04-18,False,4.33
6F222,IndiGo,HYD,MAA,2026-04-18 14:01:41.704,2026-04-18 16:11:41.704,02:10:00,0 days 02:10:00,0 days 02:10:00,0 days 02:10:00,130,HYD → MAA,INDIGO,2026-04-18,False,2.17
AI004,Air India,HYD,MAA,2026-04-18 13:58:41.701,2026-04-18 18:12:41.701,04:14:00,0 days 04:14:00,0 days 04:14:00,0 days 04:14:00,254,HYD → MAA,AIR INDIA,2026-04-18,False,4.23
SJ126,SpiceJet,DEL,BLR,2026-04-18 13:47:41.702,2026-04-18 16:31:41.702,02:44:00,0 days 02:44:00,0 days 02:44:00,0 days 02:44:00,164,DEL → BLR,SPICEJET,2026-04-18,False,2.73
SJ220,SpiceJet,BOM,CCU,2026-04-18 13:45:41.703,2026-04-18 15:21:41.703,01:36:00,0 days 01:36:00,0 days 01:36:00,0 days 01:36:00,96,BOM → CCU,SPICEJET,2026-04-18,False,1.6
AI204,Air India,CCU,MAA,2026-04-18 13:40:41.703,2026-04-18 18:38:41.703,04:58:00,0 days 04:58:00,0 days 04:58:00,0 days 04:58:00,298,CCU → MAA,AIR INDIA,2026-04-18,False,4.97
UK098,Vistara,CCU,DEL,2026-04-18 13:38:41.702,2026-04-18 17:54:41.702,04:16:00,0 days 04:16:00,0 days 04:16:00,0 days 04:16:00,256,CCU → DEL,VISTARA,2026-04-18,False,4.27
AI090,Air India,MAA,CCU,2026-04-18 13:37:41.702,2026-04-18 16:11:41.702,02:34:00,0 days 02:34:00,0 days 02:34:00,0 days 02:34:00,154,MAA → CCU,AIR INDIA,2026-04-18,False,2.57
AI092,Air India,CCU,BOM,2026-04-18 13:36:41.702,2026-04-18 16:20:41.702,02:44:00,0 days 02:44:00,0 days 02:44:00,0 days 02:44:00,164,CCU → BOM,AIR INDIA,2026-04-18,False,2.73
AI049,Air India,CCU,MAA,2026-04-18 13:35:41.701,2026-04-18 15:48:41.701,02:13:00,0 days 02:13:00,0 days 02:13:00,0 days 02:13:00,133,CCU → MAA,AIR INDIA,2026-04-18,False,2.22
UK117,Vistara,BLR,BOM,2026-04-18 13:17:41.702,2026-04-18 16:54:41.702,03:37:00,0 days 03:37:00,0 days 03:37:00,0 days 03:37:00,217,BLR → BOM,VISTARA,2026-04-18,False,3.62
6F227,IndiGo,MAA,BOM,2026-04-18 13:16:41.704,2026-04-18 17:41:41.704,04:25:00,0 days 04:25:00,0 days 04:25:00,0 days 04:25:00,265,MAA → BOM,INDIGO,2026-04-18,False,4.42
AI228,Air India,BLR,BOM,2026-04-18 13:16:41.703,2026-04-18 17:44:41.703,04:28:00,0 days 04:28:00,0 days 04:28:00,0 days 04:28:00,268,BLR → BOM,AIR INDIA,2026-04-18,False,4.47
SJ164,SpiceJet,CCU,MAA,2026-04-18 13:14:41.703,2026-04-18 15:14:42.000,02:00:00.297000,0 days 02:00:00.297000,0 days 02:00:00,0 days 02:00:00,120,CCU → MAA,SPICEJET,2026-04-18,False,2.0
AI018,Air India,BOM,CCU,2026-04-18 13:12:41.701,2026-04-18 18:04:41.701,04:52:00,0 days 04:52:00,0 days 04:52:00,0 days 04:52:00,292,BOM → CCU,AIR INDIA,2026-04-18,False,4.87
UK192,Vistara,HYD,DEL,2026-04-18 12:54:41.703,2026-04-18 13:54:42.000,01:00:00.297000,0 days 01:00:00.297000,0 days 01:00:00,0 days 01:00:00,60,HYD → DEL,VISTARA,2026-04-18,False,1.0
SJ224,SpiceJet,DEL,MAA,2026-04-18 12:41:41.703,2026-04-18 15:33:41.703,02:52:00,0 days 02:52:00,0 days 02:52:00,0 days 02:52:00,172,DEL → MAA,SPICEJET,2026-04-18,False,2.87
UK050,Vistara,BOM,DEL,2026-04-18 12:39:41.701,2026-04-18 13:18:41.701,00:39:00,0 days 00:39:00,0 days 00:39:00,0 days 00:39:00,39,BOM → DEL,VISTARA,2026-04-18,False,0.65
SJ159,SpiceJet,CCU,DEL,2026-04-18 12:22:41.703,2026-04-18 14:05:41.703,01:43:00,0 days 01:43:00,0 days 01:43:00,0 days 01:43:00,103,CCU → DEL,SPICEJET,2026-04-18,False,1.72
UK038,Vistara,MAA,CCU,2026-04-18 12:22:41.701,2026-04-18 15:31:41.701,03:09:00,0 days 03:09:00,0 days 03:09:00,0 days 03:09:00,189,MAA → CCU,VISTARA,2026-04-18,False,3.15
6F192,IndiGo,CCU,BLR,2026-04-18 12:20:41.703,2026-04-18 16:45:41.703,04:25:00,0 days 04:25:00,0 days 04:25:00,0 days 04:25:00,265,CCU → BLR,INDIGO,2026-04-18,False,4.42
6F173,IndiGo,BOM,CCU,2026-04-18 12:19:41.703,2026-04-18 13:08:41.703,00:49:00,0 days 00:49:00,0 days 00:49:00,0 days 00:49:00,49,BOM → CCU,INDIGO,2026-04-18,False,0.82
AI185,Air India,CCU,BOM,2026-04-18 12:16:41.703,2026-04-18 16:18:41.703,04:02:00,0 days 04:02:00,0 days 04:02:00,0 days 04:02:00,242,CCU → BOM,AIR INDIA,2026-04-18,False,4.03
SJ152,SpiceJet,BOM,DEL,2026-04-18 12:09:41.702,2026-04-18 13:50:41.702,01:41:00,0 days 01:41:00,0 days 01:41:00,0 days 01:41:00,101,BOM → DEL,SPICEJET,2026-04-18,False,1.68
AI215,Air India,BLR,DEL,2026-04-18 12:07:41.703,2026-04-18 13:43:41.703,01:36:00,0 days 01:36:00,0 days 01:36:00,0 days 01:36:00,96,BLR → DEL,AIR INDIA,2026-04-18,False,1.6
AI074,Air India,CCU,BOM,2026-04-18 12:03:41.702,2026-04-18 12:50:41.702,00:47:00,0 days 00:47:00,0 days 00:47:00,0 days 00:47:00,47,CCU → BOM,AIR INDIA,2026-04-18,False,0.78
6F109,IndiGo,BLR,BOM,2026-04-18 12:00:41.702,2026-04-18 12:51:41.702,00:51:00,0 days 00:51:00,0 days 00:51:00,0 days 00:51:00,51,BLR → BOM,INDIGO,2026-04-18,False,0.85
6F144,IndiGo,HYD,BOM,2026-04-18 11:56:41.702,2026-04-18 15:11:41.702,03:15:00,0 days 03:15:00,0 days 03:15:00,0 days 03:15:00,195,HYD → BOM,INDIGO,2026-04-18,False,3.25
6F210,IndiGo,HYD,DEL,2026-04-18 11:51:41.703,2026-04-18 15:58:41.703,04:07:00,0 days 04:07:00,0 days 04:07:00,0 days 04:07:00,247,HYD → DEL,INDIGO,2026-04-18,False,4.12
SJ111,SpiceJet,DEL,MAA,2026-04-18 11:47:41.702,2026-04-18 12:59:41.702,01:12:00,0 days 01:12:00,0 days 01:12:00,0 days 01:12:00,72,DEL → MAA,SPICEJET,2026-04-18,False,1.2
UK092,Vistara,MAA,BLR,2026-04-18 11:42:41.702,2026-04-18 13:17:41.702,01:35:00,0 days 01:35:00,0 days 01:35:00,0 days 01:35:00,95,MAA → BLR,VISTARA,2026-04-18,False,1.58
UK009,Vistara,BOM,DEL,2026-04-18 11:34:41.701,2026-04-18 13:41:41.701,02:07:00,0 days 02:07:00,0 days 02:07:00,0 days 02:07:00,127,BOM → DEL,VISTARA,2026-04-18,False,2.12
AI170,Air India,HYD,DEL,2026-04-18 11:27:41.703,2026-04-18 15:50:41.703,04:23:00,0 days 04:23:00,0 days 04:23:00,0 days 04:23:00,263,HYD → DEL,AIR INDIA,2026-04-18,False,4.38
6F154,IndiGo,CCU,DEL,2026-04-18 11:26:41.703,2026-04-18 12:23:41.703,00:57:00,0 days 00:57:00,0 days 00:57:00,0 days 00:57:00,57,CCU → DEL,INDIGO,2026-04-18,False,0.95
6F161,IndiGo,MAA,DEL,2026-04-18 11:24:41.703,2026-04-18 12:21:41.703,00:57:00,0 days 00:57:00,0 days 00:57:00,0 days 00:57:00,57,MAA → DEL,INDIGO,2026-04-18,False,0.95
UK128,Vistara,BOM,CCU,2026-04-18 11:22:41.702,2026-04-18 14:11:41.702,02:49:00,0 days 02:49:00,0 days 02:49:00,0 days 02:49:00,169,BOM → CCU,VISTARA,2026-04-18,False,2.82
AI186,Air India,DEL,BOM,2026-04-18 11:11:41.703,2026-04-18 13:05:41.703,01:54:00,0 days 01:54:00,0 days 01:54:00,0 days 01:54:00,114,DEL → BOM,AIR INDIA,2026-04-18,False,1.9
AI099,Air India,BLR,BOM,2026-04-18 11:07:41.702,2026-04-18 13:29:41.702,02:22:00,0 days 02:22:00,0 days 02:22:00,0 days 02:22:00,142,BLR → BOM,AIR INDIA,2026-04-18,False,2.37
6F203,IndiGo,BLR,HYD,2026-04-18 11:05:41.703,2026-04-18 12:56:41.703,01:51:00,0 days 01:51:00,0 days 01:51:00,0 days 01:51:00,111,BLR → HYD,INDIGO,2026-04-18,False,1.85
UK139,UNKNOWN,BLR,MAA,2026-04-18 10:54:41.703,2026-04-18 14:31:41.703,03:37:00,0 days 03:37:00,0 days 03:37:00,0 days 03:37:00,217,BLR → MAA,UNKNOWN,2026-04-18,False,3.62
SJ008,SpiceJet,HYD,BLR,2026-04-18 10:53:41.701,2026-04-18 15:48:41.701,04:55:00,0 days 04:55:00,0 days 04:55:00,0 days 04:55:00,295,HYD → BLR,SPICEJET,2026-04-18,False,4.92
AI171,Air India,MAA,BLR,2026-04-18 10:51:41.703,2026-04-18 13:34:41.703,02:43:00,0 days 02:43:00,0 days 02:43:00,0 days 02:43:00,163,MAA → BLR,AIR INDIA,2026-04-18,False,2.72
6F124,IndiGo,BLR,BOM,2026-04-18 10:47:41.702,2026-04-18 15:21:41.702,04:34:00,0 days 04:34:00,0 days 04:34:00,0 days 04:34:00,274,BLR → BOM,INDIGO,2026-04-18,False,4.57
6F137,IndiGo,CCU,DEL,2026-04-18 10:45:41.702,2026-04-18 15:01:41.702,04:16:00,0 days 04:16:00,0 days 04:16:00,0 days 04:16:00,256,CCU → DEL,INDIGO,2026-04-18,False,4.27
AI008,Air India,BOM,CCU,2026-04-18 10:43:41.701,2026-04-18 12:43:42.000,02:00:00.299000,0 days 02:00:00.299000,0 days 02:00:00,0 days 02:00:00,120,BOM → CCU,AIR INDIA,2026-04-18,False,2.0
SJ140,UNKNOWN,HYD,DEL,2026-04-18 10:42:41.702,2026-04-18 14:30:41.702,03:48:00,0 days 03:48:00,0 days 03:48:00,0 days 03:48:00,228,HYD → DEL,UNKNOWN,2026-04-18,False,3.8
UK016,Vistara,DEL,CCU,2026-04-18 10:42:41.701,2026-04-18 11:22:41.701,00:40:00,0 days 00:40:00,0 days 00:40:00,0 days 00:40:00,40,DEL → CCU,VISTARA,2026-04-18,False,0.67
AI127,Air India,DEL,HYD,2026-04-18 10:37:41.702,2026-04-18 13:45:41.702,03:08:00,0 days 03:08:00,0 days 03:08:00,0 days 03:08:00,188,DEL → HYD,AIR INDIA,2026-04-18,False,3.13
SJ096,UNKNOWN,DEL,HYD,2026-04-18 10:29:41.702,2026-04-18 13:45:41.702,03:16:00,0 days 03:16:00,0 days 03:16:00,0 days 03:16:00,196,DEL → HYD,UNKNOWN,2026-04-18,False,3.27
6F048,IndiGo,HYD,DEL,2026-04-18 10:27:41.701,2026-04-18 11:18:41.701,00:51:00,0 days 00:51:00,0 days 00:51:00,0 days 00:51:00,51,HYD → DEL,INDIGO,2026-04-18,False,0.85
SJ090,SpiceJet,HYD,MAA,2026-04-18 10:24:41.702,2026-04-18 13:11:41.702,02:47:00,0 days 02:47:00,0 days 02:47:00,0 days 02:47:00,167,HYD → MAA,SPICEJET,2026-04-18,False,2.78
AI014,Air India,HYD,MAA,2026-04-18 10:24:41.701,2026-04-18 13:51:41.701,03:27:00,0 days 03:27:00,0 days 03:27:00,0 days 03:27:00,207,HYD → MAA,AIR INDIA,2026-04-18,False,3.45
6F131,IndiGo,BLR,HYD,2026-04-18 10:22:41.702,2026-04-18 14:20:41.702,03:58:00,0 days 03:58:00,0 days 03:58:00,0 days 03:58:00,238,BLR → HYD,INDIGO,2026-04-18,False,3.97
AI130,Air India,BOM,BLR,2026-04-18 10:18:41.702,2026-04-18 12:59:41.702,02:41:00,0 days 02:41:00,0 days 02:41:00,0 days 02:41:00,161,BOM → BLR,AIR INDIA,2026-04-18,False,2.68
UK151,UNKNOWN,BOM,CCU,2026-04-18 10:11:41.703,2026-04-18 13:30:41.703,03:19:00,0 days 03:19:00,0 days 03:19:00,0 days 03:19:00,199,BOM → CCU,UNKNOWN,2026-04-18,False,3.32
6F165,IndiGo,BLR,BOM,2026-04-18 10:11:41.703,2026-04-18 11:09:41.703,00:58:00,0 days 00:58:00,0 days 00:58:00,0 days 00:58:00,58,BLR → BOM,INDIGO,2026-04-18,False,0.97
UK161,Vistara,BLR,BOM,2026-04-18 10:05:41.703,2026-04-18 12:48:41.703,02:43:00,0 days 02:43:00,0 days 02:43:00,0 days 02:43:00,163,BLR → BOM,VISTARA,2026-04-18,False,2.72
AI107,Air India,HYD,CCU,2026-04-18 10:03:41.702,2026-04-18 10:49:41.702,00:46:00,0 days 00:46:00,0 days 00:46:00,0 days 00:46:00,46,HYD → CCU,AIR INDIA,2026-04-18,False,0.77
SJ104,SpiceJet,HYD,DEL,2026-04-18 10:00:41.702,2026-04-18 11:00:42.000,01:00:00.298000,0 days 01:00:00.298000,0 days 01:00:00,0 days 01:00:00,60,HYD → DEL,SPICEJET,2026-04-18,False,1.0
AI042,Air India,CCU,DEL,2026-04-18 09:53:41.701,2026-04-18 10:57:41.701,01:04:00,0 days 01:04:00,0 days 01:04:00,0 days 01:04:00,64,CCU → DEL,AIR INDIA,2026-04-18,False,1.07
6F266,UNKNOWN,CCU,MAA,2026-04-18 09:49:41.703,2026-04-18 11:17:41.703,01:28:00,0 days 01:28:00,0 days 01:28:00,0 days 01:28:00,88,CCU → MAA,UNKNOWN,2026-04-18,False,1.47
6F138,IndiGo,HYD,BLR,2026-04-18 09:49:41.702,2026-04-18 12:53:41.702,03:04:00,0 days 03:04:00,0 days 03:04:00,0 days 03:04:00,184,HYD → BLR,INDIGO,2026-04-18,False,3.07
SJ219,SpiceJet,BOM,DEL,2026-04-18 09:32:41.703,2026-04-18 14:09:41.703,04:37:00,0 days 04:37:00,0 days 04:37:00,0 days 04:37:00,277,BOM → DEL,SPICEJET,2026-04-18,False,4.62
UK197,Vistara,BLR,HYD,2026-04-18 09:22:41.703,2026-04-18 10:54:41.703,01:32:00,0 days 01:32:00,0 days 01:32:00,0 days 01:32:00,92,BLR → HYD,VISTARA,2026-04-18,False,1.53
6F119,IndiGo,DEL,BOM,2026-04-18 09:19:41.702,2026-04-18 11:33:41.702,02:14:00,0 days 02:14:00,0 days 02:14:00,0 days 02:14:00,134,DEL → BOM,INDIGO,2026-04-18,False,2.23
SJ058,SpiceJet,DEL,HYD,2026-04-18 08:58:41.701,2026-04-18 13:14:41.701,04:16:00,0 days 04:16:00,0 days 04:16:00,0 days 04:16:00,256,DEL → HYD,SPICEJET,2026-04-18,False,4.27
AI218,Air India,BOM,CCU,2026-04-18 08:55:41.703,2026-04-18 11:55:41.703,03:00:00,0 days 03:00:00,0 days 03:00:00,0 days 03:00:00,180,BOM → CCU,AIR INDIA,2026-04-18,False,3.0
SJ060,SpiceJet,HYD,CCU,2026-04-18 08:51:41.701,2026-04-18 13:46:41.701,04:55:00,0 days 04:55:00,0 days 04:55:00,0 days 04:55:00,295,HYD → CCU,SPICEJET,2026-04-18,False,4.92
UK121,Vistara,BLR,BOM,2026-04-18 08:36:41.702,2026-04-18 12:36:41.702,04:00:00,0 days 04:00:00,0 days 04:00:00,0 days 04:00:00,240,BLR → BOM,VISTARA,2026-04-18,False,4.0
6F208,IndiGo,CCU,BOM,2026-04-18 08:27:41.703,2026-04-18 11:34:41.703,03:07:00,0 days 03:07:00,0 days 03:07:00,0 days 03:07:00,187,CCU → BOM,INDIGO,2026-04-18,False,3.12
6F153,IndiGo,CCU,BLR,2026-04-18 08:23:41.703,2026-04-18 12:20:41.703,03:57:00,0 days 03:57:00,0 days 03:57:00,0 days 03:57:00,237,CCU → BLR,INDIGO,2026-04-18,False,3.95
AI117,Air India,HYD,BLR,2026-04-18 08:18:41.702,2026-04-18 10:09:41.702,01:51:00,0 days 01:51:00,0 days 01:51:00,0 days 01:51:00,111,HYD → BLR,AIR INDIA,2026-04-18,False,1.85
SJ113,SpiceJet,BLR,BOM,2026-04-18 08:10:41.702,2026-04-18 10:10:42.000,02:00:00.298000,0 days 02:00:00.298000,0 days 02:00:00,0 days 02:00:00,120,BLR → BOM,SPICEJET,2026-04-18,False,2.0
AI191,Air India,BLR,MAA,2026-04-18 07:57:41.703,2026-04-18 11:58:41.703,04:01:00,0 days 04:01:00,0 days 04:01:00,0 days 04:01:00,241,BLR → MAA,AIR INDIA,2026-04-18,False,4.02
6F267,UNKNOWN,DEL,MAA,2026-04-18 07:56:41.703,2026-04-18 11:49:41.703,03:53:00,0 days 03:53:00,0 days 03:53:00,0 days 03:53:00,233,DEL → MAA,UNKNOWN,2026-04-18,False,3.88
6F185,IndiGo,CCU,DEL,2026-04-18 07:49:41.703,2026-04-18 10:08:41.703,02:19:00,0 days 02:19:00,0 days 02:19:00,0 days 02:19:00,139,CCU → DEL,INDIGO,2026-04-18,False,2.32
AI114,Air India,CCU,DEL,2026-04-18 07:48:41.702,2026-04-18 09:03:41.702,01:15:00,0 days 01:15:00,0 days 01:15:00,0 days 01:15:00,75,CCU → DEL,AIR INDIA,2026-04-18,False,1.25
6F155,IndiGo,DEL,BLR,2026-04-18 07:47:41.703,2026-04-18 08:20:41.703,00:33:00,0 days 00:33:00,0 days 00:33:00,0 days 00:33:00,33,DEL → BLR,INDIGO,2026-04-18,False,0.55
UK045,Vistara,MAA,HYD,2026-04-18 07:43:41.701,2026-04-18 09:28:41.701,01:45:00,0 days 01:45:00,0 days 01:45:00,0 days 01:45:00,105,MAA → HYD,VISTARA,2026-04-18,False,1.75
AI111,Air India,MAA,CCU,2026-04-18 07:40:41.702,2026-04-18 10:39:41.702,02:59:00,0 days 02:59:00,0 days 02:59:00,0 days 02:59:00,179,MAA → CCU,AIR INDIA,2026-04-18,False,2.98
AI156,Air India,CCU,BOM,2026-04-18 07:39:41.703,2026-04-18 09:22:41.703,01:43:00,0 days 01:43:00,0 days 01:43:00,0 days 01:43:00,103,CCU → BOM,AIR INDIA,2026-04-18,False,1.72
SJ128,SpiceJet,CCU,BLR,2026-04-18 07:39:41.702,2026-04-18 10:42:41.702,03:03:00,0 days 03:03:00,0 days 03:03:00,0 days 03:03:00,183,CCU → BLR,SPICEJET,2026-04-18,False,3.05
AI104,Air India,MAA,HYD,2026-04-18 07:35:41.702,2026-04-18 09:20:41.702,01:45:00,0 days 01:45:00,0 days 01:45:00,0 days 01:45:00,105,MAA → HYD,AIR INDIA,2026-04-18,False,1.75
6F225,IndiGo,HYD,CCU,2026-04-18 07:33:41.704,2026-04-18 12:12:41.704,04:39:00,0 days 04:39:00,0 days 04:39:00,0 days 04:39:00,279,HYD → CCU,INDIGO,2026-04-18,False,4.65
6F033,IndiGo,DEL,HYD,2026-04-18 07:08:41.701,2026-04-18 09:08:41.701,02:00:00,0 days 02:00:00,0 days 02:00:00,0 days 02:00:00,120,DEL → HYD,INDIGO,2026-04-18,False,2.0
6F244,IndiGo,MAA,CCU,2026-04-18 07:07:41.704,2026-04-18 08:31:41.704,01:24:00,0 days 01:24:00,0 days 01:24:00,0 days 01:24:00,84,MAA → CCU,INDIGO,2026-04-18,False,1.4
UK137,Vistara,BOM,MAA,2026-04-18 07:04:41.703,2026-04-18 09:14:41.703,02:10:00,0 days 02:10:00,0 days 02:10:00,0 days 02:10:00,130,BOM → MAA,VISTARA,2026-04-18,False,2.17
AI063,Air India,HYD,BLR,2026-04-18 07:03:41.701,2026-04-18 11:26:41.701,04:23:00,0 days 04:23:00,0 days 04:23:00,0 days 04:23:00,263,HYD → BLR,AIR INDIA,2026-04-18,False,4.38
SJ156,SpiceJet,BOM,DEL,2026-04-18 06:59:41.703,2026-04-18 07:34:41.703,00:35:00,0 days 00:35:00,0 days 00:35:00,0 days 00:35:00,35,BOM → DEL,SPICEJET,2026-04-18,False,0.58
UK125,Vistara,HYD,BOM,2026-04-18 06:58:41.702,2026-04-18 11:44:41.702,04:46:00,0 days 04:46:00,0 days 04:46:00,0 days 04:46:00,286,HYD → BOM,VISTARA,2026-04-18,False,4.77
AI232,Air India,DEL,BLR,2026-04-18 06:43:41.704,2026-04-18 10:13:41.704,03:30:00,0 days 03:30:00,0 days 03:30:00,0 days 03:30:00,210,DEL → BLR,AIR INDIA,2026-04-18,False,3.5
AI167,Air India,BLR,DEL,2026-04-18 06:43:41.703,2026-04-18 11:10:41.703,04:27:00,0 days 04:27:00,0 days 04:27:00,0 days 04:27:00,267,BLR → DEL,AIR INDIA,2026-04-18,False,4.45
UK160,Vistara,BLR,BOM,2026-04-18 06:42:41.703,2026-04-18 10:58:41.703,04:16:00,0 days 04:16:00,0 days 04:16:00,0 days 04:16:00,256,BLR → BOM,VISTARA,2026-04-18,False,4.27
UK129,Vistara,HYD,MAA,2026-04-18 06:29:41.702,2026-04-18 07:29:42.000,01:00:00.298000,0 days 01:00:00.298000,0 days 01:00:00,0 days 01:00:00,60,HYD → MAA,VISTARA,2026-04-18,False,1.0
SJ230,SpiceJet,BOM,CCU,2026-04-18 06:22:41.704,2026-04-18 10:57:41.704,04:35:00,0 days 04:35:00,0 days 04:35:00,0 days 04:35:00,275,BOM → CCU,SPICEJET,2026-04-18,False,4.58
SJ056,SpiceJet,HYD,DEL,2026-04-18 06:11:41.701,2026-04-18 07:10:41.701,00:59:00,0 days 00:59:00,0 days 00:59:00,0 days 00:59:00,59,HYD → DEL,SPICEJET,2026-04-18,False,0.98
SJ137,SpiceJet,CCU,DEL,2026-04-18 06:08:41.702,2026-04-18 10:14:41.702,04:06:00,0 days 04:06:00,0 days 04:06:00,0 days 04:06:00,246,CCU → DEL,SPICEJET,2026-04-18,False,4.1
6F081,IndiGo,MAA,BLR,2026-04-18 06:04:41.702,2026-04-18 07:43:41.702,01:39:00,0 days 01:39:00,0 days 01:39:00,0 days 01:39:00,99,MAA → BLR,INDIGO,2026-04-18,False,1.65
6F088,IndiGo,CCU,BLR,2026-04-18 05:51:41.702,2026-04-18 08:22:41.702,02:31:00,0 days 02:31:00,0 days 02:31:00,0 days 02:31:00,151,CCU → BLR,INDIGO,2026-04-18,False,2.52
6F121,IndiGo,HYD,MAA,2026-04-18 05:44:41.702,2026-04-18 10:42:41.702,04:58:00,0 days 04:58:00,0 days 04:58:00,0 days 04:58:00,298,HYD → MAA,INDIGO,2026-04-18,False,4.97
UK214,Vistara,HYD,DEL,2026-04-18 05:30:41.704,2026-04-18 09:10:41.704,03:40:00,0 days 03:40:00,0 days 03:40:00,0 days 03:40:00,220,HYD → DEL,VISTARA,2026-04-18,False,3.67
6F060,IndiGo,DEL,BLR,2026-04-18 05:29:41.701,2026-04-18 07:29:42.000,02:00:00.299000,0 days 02:00:00.299000,0 days 02:00:00,0 days 02:00:00,120,DEL → BLR,INDIGO,2026-04-18,False,2.0
SJ101,SpiceJet,CCU,DEL,2026-04-18 05:17:41.702,2026-04-18 06:57:41.702,01:40:00,0 days 01:40:00,0 days 01:40:00,0 days 01:40:00,100,CCU → DEL,SPICEJET,2026-04-18,False,1.67
AI017,Air India,CCU,BOM,2026-04-18 05:15:41.701,2026-04-18 08:48:41.701,03:33:00,0 days 03:33:00,0 days 03:33:00,0 days 03:33:00,213,CCU → BOM,AIR INDIA,2026-04-18,False,3.55
6F120,IndiGo,BLR,BOM,2026-04-18 05:14:41.702,2026-04-18 06:14:41.702,01:00:00,0 days 01:00:00,0 days 01:00:00,0 days 01:00:00,60,BLR → BOM,INDIGO,2026-04-18,False,1.0
6F217,IndiGo,BLR,BOM,2026-04-18 05:13:41.704,2026-04-18 08:01:41.704,02:48:00,0 days 02:48:00,0 days 02:48:00,0 days 02:48:00,168,BLR → BOM,INDIGO,2026-04-18,False,2.8
AI194,Air India,MAA,BLR,2026-04-18 05:09:41.703,2026-04-18 09:38:41.703,04:29:00,0 days 04:29:00,0 days 04:29:00,0 days 04:29:00,269,MAA → BLR,AIR INDIA,2026-04-18,False,4.48
AI095,Air India,DEL,MAA,2026-04-18 05:00:41.702,2026-04-18 08:18:41.702,03:18:00,0 days 03:18:00,0 days 03:18:00,0 days 03:18:00,198,DEL → MAA,AIR INDIA,2026-04-18,False,3.3
SJ190,SpiceJet,BOM,CCU,2026-04-18 04:57:41.703,2026-04-18 09:25:41.703,04:28:00,0 days 04:28:00,0 days 04:28:00,0 days 04:28:00,268,BOM → CCU,SPICEJET,2026-04-18,False,4.47
6F139,IndiGo,HYD,MAA,2026-04-18 04:55:41.702,2026-04-18 08:17:41.702,03:22:00,0 days 03:22:00,0 days 03:22:00,0 days 03:22:00,202,HYD → MAA,INDIGO,2026-04-18,False,3.37
6F062,IndiGo,CCU,DEL,2026-04-18 04:55:41.701,2026-04-18 06:22:41.701,01:27:00,0 days 01:27:00,0 days 01:27:00,0 days 01:27:00,87,CCU → DEL,INDIGO,2026-04-18,False,1.45
UK011,Vistara,CCU,DEL,2026-04-18 04:41:41.701,2026-04-18 06:25:41.701,01:44:00,0 days 01:44:00,0 days 01:44:00,0 days 01:44:00,104,CCU → DEL,VISTARA,2026-04-18,False,1.73
6F100,IndiGo,BOM,BLR,2026-04-18 04:40:41.702,2026-04-18 07:49:41.702,03:09:00,0 days 03:09:00,0 days 03:09:00,0 days 03:09:00,189,BOM → BLR,INDIGO,2026-04-18,False,3.15
6F228,IndiGo,HYD,MAA,2026-04-18 04:36:41.704,2026-04-18 09:27:41.704,04:51:00,0 days 04:51:00,0 days 04:51:00,0 days 04:51:00,291,HYD → MAA,INDIGO,2026-04-18,False,4.85
UK033,Vistara,HYD,DEL,2026-04-18 04:34:41.701,2026-04-18 09:18:41.701,04:44:00,0 days 04:44:00,0 days 04:44:00,0 days 04:44:00,284,HYD → DEL,VISTARA,2026-04-18,False,4.73
SJ231,SpiceJet,DEL,BLR,2026-04-18 04:23:41.704,2026-04-18 05:48:41.704,01:25:00,0 days 01:25:00,0 days 01:25:00,0 days 01:25:00,85,DEL → BLR,SPICEJET,2026-04-18,False,1.42
AI166,Air India,BOM,CCU,2026-04-18 04:20:41.703,2026-04-18 07:23:41.703,03:03:00,0 days 03:03:00,0 days 03:03:00,0 days 03:03:00,183,BOM → CCU,AIR INDIA,2026-04-18,False,3.05
SJ176,SpiceJet,DEL,BOM,2026-04-18 04:15:41.703,2026-04-18 06:17:41.703,02:02:00,0 days 02:02:00,0 days 02:02:00,0 days 02:02:00,122,DEL → BOM,SPICEJET,2026-04-18,False,2.03
SJ065,SpiceJet,MAA,BLR,2026-04-18 04:10:41.701,2026-04-18 06:54:41.701,02:44:00,0 days 02:44:00,0 days 02:44:00,0 days 02:44:00,164,MAA → BLR,SPICEJET,2026-04-18,False,2.73
6F160,IndiGo,MAA,BLR,2026-04-18 04:09:41.703,2026-04-18 08:26:41.703,04:17:00,0 days 04:17:00,0 days 04:17:00,0 days 04:17:00,257,MAA → BLR,INDIGO,2026-04-18,False,4.28
AI089,Air India,CCU,BOM,2026-04-18 04:05:41.702,2026-04-18 04:47:41.702,00:42:00,0 days 00:42:00,0 days 00:42:00,0 days 00:42:00,42,CCU → BOM,AIR INDIA,2026-04-18,False,0.7
UK226,Vistara,MAA,HYD,2026-04-18 03:58:41.704,2026-04-18 05:01:41.704,01:03:00,0 days 01:03:00,0 days 01:03:00,0 days 01:03:00,63,MAA → HYD,VISTARA,2026-04-18,False,1.05
SJ123,SpiceJet,BOM,CCU,2026-04-18 03:57:41.702,2026-04-18 05:25:41.702,01:28:00,0 days 01:28:00,0 days 01:28:00,0 days 01:28:00,88,BOM → CCU,SPICEJET,2026-04-18,False,1.47
AI054,Air India,HYD,CCU,2026-04-18 03:44:41.701,2026-04-18 08:10:41.701,04:26:00,0 days 04:26:00,0 days 04:26:00,0 days 04:26:00,266,HYD → CCU,AIR INDIA,2026-04-18,False,4.43
UK019,Vistara,BOM,HYD,2026-04-18 03:41:41.701,2026-04-18 04:35:41.701,00:54:00,0 days 00:54:00,0 days 00:54:00,0 days 00:54:00,54,BOM → HYD,VISTARA,2026-04-18,False,0.9
UK032,Vistara,BLR,BOM,2026-04-18 03:31:41.701,2026-04-18 07:28:41.701,03:57:00,0 days 03:57:00,0 days 03:57:00,0 days 03:57:00,237,BLR → BOM,VISTARA,2026-04-18,False,3.95
SJ100,SpiceJet,MAA,BLR,2026-04-18 03:28:41.702,2026-04-18 06:50:41.702,03:22:00,0 days 03:22:00,0 days 03:22:00,0 days 03:22:00,202,MAA → BLR,SPICEJET,2026-04-18,False,3.37
SJ094,SpiceJet,MAA,HYD,2026-04-18 03:23:41.702,2026-04-18 08:07:41.702,04:44:00,0 days 04:44:00,0 days 04:44:00,0 days 04:44:00,284,MAA → HYD,SPICEJET,2026-04-18,False,4.73
6F101,IndiGo,BOM,MAA,2026-04-18 03:18:41.702,2026-04-18 08:15:41.702,04:57:00,0 days 04:57:00,0 days 04:57:00,0 days 04:57:00,297,BOM → MAA,INDIGO,2026-04-18,False,4.95
6F006,IndiGo,BOM,BLR,2026-04-18 03:06:41.701,2026-04-18 05:06:42.000,02:00:00.299000,0 days 02:00:00.299000,0 days 02:00:00,0 days 02:00:00,120,BOM → BLR,INDIGO,2026-04-18,False,2.0
AI006,Air India,BOM,BLR,2026-04-18 03:04:41.701,2026-04-18 05:54:41.701,02:50:00,0 days 02:50:00,0 days 02:50:00,0 days 02:50:00,170,BOM → BLR,AIR INDIA,2026-04-18,False,2.83
AI195,Air India,CCU,MAA,2026-04-18 02:58:41.703,2026-04-18 04:57:41.703,01:59:00,0 days 01:59:00,0 days 01:59:00,0 days 01:59:00,119,CCU → MAA,AIR INDIA,2026-04-18,False,1.98
UK072,Vistara,BOM,BLR,2026-04-18 02:55:41.702,2026-04-18 05:55:42.000,03:00:00.298000,0 days 03:00:00.298000,0 days 03:00:00,0 days 03:00:00,180,BOM → BLR,VISTARA,2026-04-18,False,3.0
AI244,Air India,BLR,BOM,2026-04-18 02:50:41.704,2026-04-18 03:25:41.704,00:35:00,0 days 00:35:00,0 days 00:35:00,0 days 00:35:00,35,BLR → BOM,AIR INDIA,2026-04-18,False,0.58
SJ059,SpiceJet,CCU,DEL,2026-04-18 02:50:41.701,2026-04-18 04:06:41.701,01:16:00,0 days 01:16:00,0 days 01:16:00,0 days 01:16:00,76,CCU → DEL,SPICEJET,2026-04-18,False,1.27
SJ009,SpiceJet,CCU,BLR,2026-04-18 02:48:41.701,2026-04-18 04:23:41.701,01:35:00,0 days 01:35:00,0 days 01:35:00,0 days 01:35:00,95,CCU → BLR,SPICEJET,2026-04-18,False,1.58
AI121,Air India,HYD,MAA,2026-04-18 02:42:41.702,2026-04-18 06:11:41.702,03:29:00,0 days 03:29:00,0 days 03:29:00,0 days 03:29:00,209,HYD → MAA,AIR INDIA,2026-04-18,False,3.48
6F265,UNKNOWN,DEL,HYD,2026-04-18 02:27:41.703,2026-04-18 03:24:41.703,00:57:00,0 days 00:57:00,0 days 00:57:00,0 days 00:57:00,57,DEL → HYD,UNKNOWN,2026-04-18,False,0.95
6F110,IndiGo,HYD,DEL,2026-04-18 02:27:41.702,2026-04-18 05:48:41.702,03:21:00,0 days 03:21:00,0 days 03:21:00,0 days 03:21:00,201,HYD → DEL,INDIGO,2026-04-18,False,3.35
UK018,Vistara,BOM,CCU,2026-04-18 02:15:41.701,2026-04-18 04:08:41.701,01:53:00,0 days 01:53:00,0 days 01:53:00,0 days 01:53:00,113,BOM → CCU,VISTARA,2026-04-18,False,1.88
6F072,IndiGo,BLR,CCU,2026-04-18 02:14:41.702,2026-04-18 03:11:41.702,00:57:00,0 days 00:57:00,0 days 00:57:00,0 days 00:57:00,57,BLR → CCU,INDIGO,2026-04-18,False,0.95
6F159,IndiGo,CCU,BOM,2026-04-18 02:08:41.703,2026-04-18 02:43:41.703,00:35:00,0 days 00:35:00,0 days 00:35:00,0 days 00:35:00,35,CCU → BOM,INDIGO,2026-04-18,False,0.58
6F095,IndiGo,BLR,MAA,2026-04-18 01:53:41.702,2026-04-18 05:34:41.702,03:41:00,0 days 03:41:00,0 days 03:41:00,0 days 03:41:00,221,BLR → MAA,INDIGO,2026-04-18,False,3.68
SJ129,SpiceJet,CCU,BOM,2026-04-18 01:48:41.702,2026-04-18 05:48:41.702,04:00:00,0 days 04:00:00,0 days 04:00:00,0 days 04:00:00,240,CCU → BOM,SPICEJET,2026-04-18,False,4.0
UK039,Vistara,HYD,BOM,2026-04-18 01:40:41.701,2026-04-18 02:53:41.701,01:13:00,0 days 01:13:00,0 days 01:13:00,0 days 01:13:00,73,HYD → BOM,VISTARA,2026-04-18,False,1.22
6F130,IndiGo,DEL,HYD,2026-04-18 01:27:41.702,2026-04-18 02:45:41.702,01:18:00,0 days 01:18:00,0 days 01:18:00,0 days 01:18:00,78,DEL → HYD,INDIGO,2026-04-18,False,1.3
6F247,IndiGo,DEL,HYD,2026-04-18 01:27:41.702,2026-04-18 02:45:41.702,01:18:00,0 days 01:18:00,0 days 01:18:00,0 days 01:18:00,78,DEL → HYD,INDIGO,2026-04-18,False,1.3
SJ233,SpiceJet,DEL,HYD,2026-04-18 01:18:41.704,2026-04-18 02:56:41.704,01:38:00,0 days 01:38:00,0 days 01:38:00,0 days 01:38:00,98,DEL → HYD,SPICEJET,2026-04-18,False,1.63
6F231,IndiGo,HYD,MAA,2026-04-18 01:16:41.704,2026-04-18 05:43:41.704,04:27:00,0 days 04:27:00,0 days 04:27:00,0 days 04:27:00,267,HYD → MAA,INDIGO,2026-04-18,False,4.45
AI125,UNKNOWN,CCU,DEL,2026-04-18 01:12:41.702,2026-04-18 04:51:41.702,03:39:00,0 days 03:39:00,0 days 03:39:00,0 days 03:39:00,219,CCU → DEL,UNKNOWN,2026-04-18,False,3.65
6F102,IndiGo,HYD,MAA,2026-04-18 01:10:41.702,2026-04-18 02:24:41.702,01:14:00,0 days 01:14:00,0 days 01:14:00,0 days 01:14:00,74,HYD → MAA,INDIGO,2026-04-18,False,1.23
UK078,Vistara,BOM,HYD,2026-04-18 01:03:41.702,2026-04-18 04:32:41.702,03:29:00,0 days 03:29:00,0 days 03:29:00,0 days 03:29:00,209,BOM → HYD,VISTARA,2026-04-18,False,3.48
UK043,UNKNOWN,DEL,HYD,2026-04-18 00:48:41.701,2026-04-18 04:52:41.701,04:04:00,0 days 04:04:00,0 days 04:04:00,0 days 04:04:00,244,DEL → HYD,UNKNOWN,2026-04-18,False,4.07
AI144,Air India,MAA,BOM,2026-04-18 00:43:41.702,2026-04-18 03:36:41.702,02:53:00,0 days 02:53:00,0 days 02:53:00,0 days 02:53:00,173,MAA → BOM,AIR INDIA,2026-04-18,False,2.88
UK054,Vistara,BLR,BOM,2026-04-18 00:37:41.701,2026-04-18 05:30:41.701,04:53:00,0 days 04:53:00,0 days 04:53:00,0 days 04:53:00,293,BLR → BOM,VISTARA,2026-04-18,False,4.88
UK108,Vistara,DEL,BLR,2026-04-18 00:28:41.702,2026-04-18 03:46:41.702,03:18:00,0 days 03:18:00,0 days 03:18:00,0 days 03:18:00,198,DEL → BLR,VISTARA,2026-04-18,False,3.3
6F008,IndiGo,DEL,BOM,2026-04-18 00:14:41.701,2026-04-18 04:59:41.701,04:45:00,0 days 04:45:00,0 days 04:45:00,0 days 04:45:00,285,DEL → BOM,INDIGO,2026-04-18,False,4.75
6F106,IndiGo,BOM,CCU,2026-04-18 00:10:41.702,2026-04-18 01:52:41.702,01:42:00,0 days 01:42:00,0 days 01:42:00,0 days 01:42:00,102,BOM → CCU,INDIGO,2026-04-18,False,1.7
AI203,Air India,BOM,CCU,2026-04-18 00:09:41.703,2026-04-18 02:56:41.703,02:47:00,0 days 02:47:00,0 days 02:47:00,0 days 02:47:00,167,BOM → CCU,AIR INDIA,2026-04-18,False,2.78
AI065,UNKNOWN,MAA,BLR,2026-04-18 00:09:41.701,2026-04-18 05:00:41.701,04:51:00,0 days 04:51:00,0 days 04:51:00,0 days 04:51:00,291,MAA → BLR,UNKNOWN,2026-04-18,False,4.85
UK053,Vistara,BLR,BOM,2026-04-17 23:56:41.701,2026-04-18 02:46:41.701,02:50:00,0 days 02:50:00,0 days 02:50:00,0 days 02:50:00,170,BLR → BOM,VISTARA,2026-04-17,True,2.83
UK086,Vistara,CCU,BLR,2026-04-17 23:55:41.702,2026-04-18 02:27:41.702,02:32:00,0 days 02:32:00,0 days 02:32:00,0 days 02:32:00,152,CCU → BLR,VISTARA,2026-04-17,True,2.53
SJ223,SpiceJet,HYD,MAA,2026-04-17 23:54:41.703,2026-04-18 01:08:41.703,01:14:00,0 days 01:14:00,0 days 01:14:00,0 days 01:14:00,74,HYD → MAA,SPICEJET,2026-04-17,True,1.23
6F069,IndiGo,MAA,BLR,2026-04-17 23:44:41.701,2026-04-18 03:17:41.701,03:33:00,0 days 03:33:00,0 days 03:33:00,0 days 03:33:00,213,MAA → BLR,INDIGO,2026-04-17,True,3.55
6F032,IndiGo,DEL,BOM,2026-04-17 23:43:41.701,2026-04-18 02:22:41.701,02:39:00,0 days 02:39:00,0 days 02:39:00,0 days 02:39:00,159,DEL → BOM,INDIGO,2026-04-17,True,2.65
UK178,Vistara,DEL,BLR,2026-04-17 23:41:41.703,2026-04-18 04:09:41.703,04:28:00,0 days 04:28:00,0 days 04:28:00,0 days 04:28:00,268,DEL → BLR,VISTARA,2026-04-17,True,4.47
6F108,IndiGo,DEL,HYD,2026-04-17 23:41:41.702,2026-04-18 03:23:41.702,03:42:00,0 days 03:42:00,0 days 03:42:00,0 days 03:42:00,222,DEL → HYD,INDIGO,2026-04-17,True,3.7
UK147,Vistara,CCU,DEL,2026-04-17 23:35:41.703,2026-04-18 02:55:41.703,03:20:00,0 days 03:20:00,0 days 03:20:00,0 days 03:20:00,200,CCU → DEL,VISTARA,2026-04-17,True,3.33
AI187,Air India,BLR,HYD,2026-04-17 23:32:41.703,2026-04-18 01:16:41.703,01:44:00,0 days 01:44:00,0 days 01:44:00,0 days 01:44:00,104,BLR → HYD,AIR INDIA,2026-04-17,True,1.73
UK213,Vistara,BOM,CCU,2026-04-17 23:21:41.704,2026-04-18 01:01:41.704,01:40:00,0 days 01:40:00,0 days 01:40:00,0 days 01:40:00,100,BOM → CCU,VISTARA,2026-04-17,True,1.67
AI035,Air India,DEL,MAA,2026-04-17 23:17:41.701,2026-04-18 00:48:41.701,01:31:00,0 days 01:31:00,0 days 01:31:00,0 days 01:31:00,91,DEL → MAA,AIR INDIA,2026-04-17,True,1.52
UK186,Vistara,BOM,BLR,2026-04-17 23:05:41.703,2026-04-18 02:22:41.703,03:17:00,0 days 03:17:00,0 days 03:17:00,0 days 03:17:00,197,BOM → BLR,VISTARA,2026-04-17,True,3.28
6F045,IndiGo,BOM,HYD,2026-04-17 23:04:41.701,2026-04-18 03:38:41.701,04:34:00,0 days 04:34:00,0 days 04:34:00,0 days 04:34:00,274,BOM → HYD,INDIGO,2026-04-17,True,4.57
UK025,Vistara,DEL,BOM,2026-04-17 22:55:41.701,2026-04-18 02:47:41.701,03:52:00,0 days 03:52:00,0 days 03:52:00,0 days 03:52:00,232,DEL → BOM,VISTARA,2026-04-17,True,3.87
UK162,Vistara,BOM,CCU,2026-04-17 22:47:41.703,2026-04-18 00:21:41.703,01:34:00,0 days 01:34:00,0 days 01:34:00,0 days 01:34:00,94,BOM → CCU,VISTARA,2026-04-17,True,1.57
AI157,Air India,BLR,CCU,2026-04-17 22:45:41.703,2026-04-18 01:33:41.703,02:48:00,0 days 02:48:00,0 days 02:48:00,0 days 02:48:00,168,BLR → CCU,AIR INDIA,2026-04-17,True,2.8
6F096,IndiGo,MAA,BLR,2026-04-17 22:45:41.702,2026-04-18 02:58:41.702,04:13:00,0 days 04:13:00,0 days 04:13:00,0 days 04:13:00,253,MAA → BLR,INDIGO,2026-04-17,True,4.22
SJ229,SpiceJet,CCU,DEL,2026-04-17 22:25:41.704,2026-04-18 00:27:41.704,02:02:00,0 days 02:02:00,0 days 02:02:00,0 days 02:02:00,122,CCU → DEL,SPICEJET,2026-04-17,True,2.03
AI214,Air India,CCU,DEL,2026-04-17 22:23:41.703,2026-04-18 02:49:41.703,04:26:00,0 days 04:26:00,0 days 04:26:00,0 days 04:26:00,266,CCU → DEL,AIR INDIA,2026-04-17,True,4.43
6F205,IndiGo,HYD,BOM,2026-04-17 22:16:41.703,2026-04-18 00:02:41.703,01:46:00,0 days 01:46:00,0 days 01:46:00,0 days 01:46:00,106,HYD → BOM,INDIGO,2026-04-17,True,1.77
SJ157,SpiceJet,DEL,HYD,2026-04-17 22:11:41.703,2026-04-18 01:05:41.703,02:54:00,0 days 02:54:00,0 days 02:54:00,0 days 02:54:00,174,DEL → HYD,SPICEJET,2026-04-17,True,2.9
UK114,Vistara,HYD,CCU,2026-04-17 22:10:41.702,2026-04-17 23:58:41.702,01:48:00,0 days 01:48:00,0 days 01:48:00,0 days 01:48:00,108,HYD → CCU,VISTARA,2026-04-17,False,1.8
6F054,IndiGo,HYD,BLR,2026-04-17 22:00:41.701,2026-04-18 01:25:41.701,03:25:00,0 days 03:25:00,0 days 03:25:00,0 days 03:25:00,205,HYD → BLR,INDIGO,2026-04-17,True,3.42
6F216,IndiGo,BLR,DEL,2026-04-17 21:58:41.704,2026-04-18 02:51:41.704,04:53:00,0 days 04:53:00,0 days 04:53:00,0 days 04:53:00,293,BLR → DEL,INDIGO,2026-04-17,True,4.88
AI231,Air India,DEL,HYD,2026-04-17 21:52:41.704,2026-04-17 23:51:41.704,01:59:00,0 days 01:59:00,0 days 01:59:00,0 days 01:59:00,119,DEL → HYD,AIR INDIA,2026-04-17,False,1.98
UK103,Vistara,MAA,DEL,2026-04-17 21:52:41.702,2026-04-18 01:06:41.702,03:14:00,0 days 03:14:00,0 days 03:14:00,0 days 03:14:00,194,MAA → DEL,VISTARA,2026-04-17,True,3.23
AI066,Air India,HYD,MAA,2026-04-17 21:51:41.701,2026-04-18 00:11:41.701,02:20:00,0 days 02:20:00,0 days 02:20:00,0 days 02:20:00,140,HYD → MAA,AIR INDIA,2026-04-17,True,2.33
6F186,IndiGo,HYD,BOM,2026-04-17 21:48:41.703,2026-04-18 02:02:41.703,04:14:00,0 days 04:14:00,0 days 04:14:00,0 days 04:14:00,254,HYD → BOM,INDIGO,2026-04-17,True,4.23
AI021,Air India,DEL,HYD,2026-04-17 21:39:41.701,2026-04-18 01:38:41.701,03:59:00,0 days 03:59:00,0 days 03:59:00,0 days 03:59:00,239,DEL → HYD,AIR INDIA,2026-04-17,True,3.98
AI113,Air India,CCU,HYD,2026-04-17 21:21:41.702,2026-04-17 23:51:41.702,02:30:00,0 days 02:30:00,0 days 02:30:00,0 days 02:30:00,150,CCU → HYD,AIR INDIA,2026-04-17,False,2.5
SJ031,SpiceJet,DEL,BOM,2026-04-17 21:20:41.701,2026-04-17 22:29:41.701,01:09:00,0 days 01:09:00,0 days 01:09:00,0 days 01:09:00,69,DEL → BOM,SPICEJET,2026-04-17,False,1.15
UK217,Vistara,MAA,CCU,2026-04-17 21:19:41.704,2026-04-17 22:14:41.704,00:55:00,0 days 00:55:00,0 days 00:55:00,0 days 00:55:00,55,MAA → CCU,VISTARA,2026-04-17,False,0.92
SJ120,SpiceJet,MAA,BLR,2026-04-17 21:19:41.702,2026-04-18 00:56:41.702,03:37:00,0 days 03:37:00,0 days 03:37:00,0 days 03:37:00,217,MAA → BLR,SPICEJET,2026-04-17,True,3.62
UK180,Vistara,CCU,MAA,2026-04-17 21:18:41.703,2026-04-17 23:29:41.703,02:11:00,0 days 02:11:00,0 days 02:11:00,0 days 02:11:00,131,CCU → MAA,VISTARA,2026-04-17,False,2.18
6F242,IndiGo,BLR,MAA,2026-04-17 21:10:41.704,2026-04-18 01:04:41.704,03:54:00,0 days 03:54:00,0 days 03:54:00,0 days 03:54:00,234,BLR → MAA,INDIGO,2026-04-17,True,3.9
UK080,Vistara,BLR,MAA,2026-04-17 21:09:41.702,2026-04-17 22:29:41.702,01:20:00,0 days 01:20:00,0 days 01:20:00,0 days 01:20:00,80,BLR → MAA,VISTARA,2026-04-17,False,1.33
SJ124,SpiceJet,HYD,DEL,2026-04-17 21:05:41.702,2026-04-18 01:12:41.702,04:07:00,0 days 04:07:00,0 days 04:07:00,0 days 04:07:00,247,HYD → DEL,SPICEJET,2026-04-17,True,4.12
SJ115,SpiceJet,BOM,HYD,2026-04-17 21:05:41.702,2026-04-17 23:10:41.702,02:05:00,0 days 02:05:00,0 days 02:05:00,0 days 02:05:00,125,BOM → HYD,SPICEJET,2026-04-17,False,2.08
AI081,Air India,CCU,BOM,2026-04-17 21:03:41.702,2026-04-17 22:51:41.702,01:48:00,0 days 01:48:00,0 days 01:48:00,0 days 01:48:00,108,CCU → BOM,AIR INDIA,2026-04-17,False,1.8
AI142,Air India,BOM,DEL,2026-04-17 20:49:41.702,2026-04-17 23:03:41.702,02:14:00,0 days 02:14:00,0 days 02:14:00,0 days 02:14:00,134,BOM → DEL,AIR INDIA,2026-04-17,False,2.23
UK052,Vistara,BLR,CCU,2026-04-17 20:48:41.701,2026-04-17 21:40:41.701,00:52:00,0 days 00:52:00,0 days 00:52:00,0 days 00:52:00,52,BLR → CCU,VISTARA,2026-04-17,False,0.87
UK014,Vistara,HYD,MAA,2026-04-17 20:41:41.701,2026-04-17 22:06:41.701,01:25:00,0 days 01:25:00,0 days 01:25:00,0 days 01:25:00,85,HYD → MAA,VISTARA,2026-04-17,False,1.42
AI230,UNKNOWN,CCU,BLR,2026-04-17 20:37:41.704,2026-04-18 00:22:41.704,03:45:00,0 days 03:45:00,0 days 03:45:00,0 days 03:45:00,225,CCU → BLR,UNKNOWN,2026-04-17,True,3.75
6F268,UNKNOWN,DEL,MAA,2026-04-17 20:29:41.701,2026-04-17 21:58:41.701,01:29:00,0 days 01:29:00,0 days 01:29:00,0 days 01:29:00,89,DEL → MAA,UNKNOWN,2026-04-17,False,1.48
AI124,Air India,CCU,HYD,2026-04-17 20:28:41.702,2026-04-18 00:00:41.702,03:32:00,0 days 03:32:00,0 days 03:32:00,0 days 03:32:00,212,CCU → HYD,AIR INDIA,2026-04-17,True,3.53
6F082,IndiGo,BOM,BLR,2026-04-17 20:26:41.702,2026-04-17 22:26:41.702,02:00:00,0 days 02:00:00,0 days 02:00:00,0 days 02:00:00,120,BOM → BLR,INDIGO,2026-04-17,False,2.0
SJ035,SpiceJet,CCU,DEL,2026-04-17 20:15:41.701,2026-04-17 21:15:42.000,01:00:00.299000,0 days 01:00:00.299000,0 days 01:00:00,0 days 01:00:00,60,CCU → DEL,SPICEJET,2026-04-17,False,1.0
SJ095,SpiceJet,DEL,MAA,2026-04-17 20:09:41.702,2026-04-17 23:13:41.702,03:04:00,0 days 03:04:00,0 days 03:04:00,0 days 03:04:00,184,DEL → MAA,SPICEJET,2026-04-17,False,3.07
UK230,Vistara,BLR,BOM,2026-04-17 20:02:41.704,2026-04-17 21:35:41.704,01:33:00,0 days 01:33:00,0 days 01:33:00,0 days 01:33:00,93,BLR → BOM,VISTARA,2026-04-17,False,1.55
UK171,Vistara,HYD,CCU,2026-04-17 19:59:41.703,2026-04-17 22:53:41.703,02:54:00,0 days 02:54:00,0 days 02:54:00,0 days 02:54:00,174,HYD → CCU,VISTARA,2026-04-17,False,2.9
6F147,IndiGo,HYD,MAA,2026-04-17 19:57:41.703,2026-04-18 00:31:41.703,04:34:00,0 days 04:34:00,0 days 04:34:00,0 days 04:34:00,274,HYD → MAA,INDIGO,2026-04-17,True,4.57
SJ212,UNKNOWN,MAA,BLR,2026-04-17 19:49:41.703,2026-04-17 21:44:41.703,01:55:00,0 days 01:55:00,0 days 01:55:00,0 days 01:55:00,115,MAA → BLR,UNKNOWN,2026-04-17,False,1.92
6F080,IndiGo,HYD,MAA,2026-04-17 19:47:41.702,2026-04-17 23:13:41.702,03:26:00,0 days 03:26:00,0 days 03:26:00,0 days 03:26:00,206,HYD → MAA,INDIGO,2026-04-17,False,3.43
UK049,Vistara,HYD,BOM,2026-04-17 19:47:41.701,2026-04-17 20:32:41.701,00:45:00,0 days 00:45:00,0 days 00:45:00,0 days 00:45:00,45,HYD → BOM,VISTARA,2026-04-17,False,0.75
AI152,Air India,BLR,CCU,2026-04-17 19:21:41.703,2026-04-17 20:26:41.703,01:05:00,0 days 01:05:00,0 days 01:05:00,0 days 01:05:00,65,BLR → CCU,AIR INDIA,2026-04-17,False,1.08
AI162,Air India,MAA,DEL,2026-04-17 19:20:41.703,2026-04-17 22:40:41.703,03:20:00,0 days 03:20:00,0 days 03:20:00,0 days 03:20:00,200,MAA → DEL,AIR INDIA,2026-04-17,False,3.33
SJ037,SpiceJet,BLR,BOM,2026-04-17 19:14:41.701,2026-04-17 22:31:41.701,03:17:00,0 days 03:17:00,0 days 03:17:00,0 days 03:17:00,197,BLR → BOM,SPICEJET,2026-04-17,False,3.28
AI172,Air India,BOM,CCU,2026-04-17 19:08:41.703,2026-04-17 19:53:41.703,00:45:00,0 days 00:45:00,0 days 00:45:00,0 days 00:45:00,45,BOM → CCU,AIR INDIA,2026-04-17,False,0.75
UK205,Vistara,HYD,MAA,2026-04-17 18:57:41.703,2026-04-17 21:46:41.703,02:49:00,0 days 02:49:00,0 days 02:49:00,0 days 02:49:00,169,HYD → MAA,VISTARA,2026-04-17,False,2.82
AI199,Air India,HYD,DEL,2026-04-17 18:47:41.703,2026-04-17 22:26:41.703,03:39:00,0 days 03:39:00,0 days 03:39:00,0 days 03:39:00,219,HYD → DEL,AIR INDIA,2026-04-17,False,3.65
6F241,IndiGo,DEL,HYD,2026-04-17 18:27:41.704,2026-04-17 19:02:41.704,00:35:00,0 days 00:35:00,0 days 00:35:00,0 days 00:35:00,35,DEL → HYD,INDIGO,2026-04-17,False,0.58
SJ041,SpiceJet,CCU,HYD,2026-04-17 18:24:41.701,2026-04-17 22:59:41.701,04:35:00,0 days 04:35:00,0 days 04:35:00,0 days 04:35:00,275,CCU → HYD,SPICEJET,2026-04-17,False,4.58
AI064,Air India,BLR,MAA,2026-04-17 18:24:41.701,2026-04-17 20:07:41.701,01:43:00,0 days 01:43:00,0 days 01:43:00,0 days 01:43:00,103,BLR → MAA,AIR INDIA,2026-04-17,False,1.72
UK169,Vistara,HYD,DEL,2026-04-17 18:12:41.703,2026-04-17 23:01:41.703,04:49:00,0 days 04:49:00,0 days 04:49:00,0 days 04:49:00,289,HYD → DEL,VISTARA,2026-04-17,False,4.82
UK144,Vistara,BOM,CCU,2026-04-17 18:07:41.703,2026-04-17 20:59:41.703,02:52:00,0 days 02:52:00,0 days 02:52:00,0 days 02:52:00,172,BOM → CCU,VISTARA,2026-04-17,False,2.87
AI118,Air India,HYD,MAA,2026-04-17 17:50:41.702,2026-04-17 19:59:41.702,02:09:00,0 days 02:09:00,0 days 02:09:00,0 days 02:09:00,129,HYD → MAA,AIR INDIA,2026-04-17,False,2.15
SJ145,SpiceJet,BLR,HYD,2026-04-17 17:41:41.702,2026-04-17 20:38:41.702,02:57:00,0 days 02:57:00,0 days 02:57:00,0 days 02:57:00,177,BLR → HYD,SPICEJET,2026-04-17,False,2.95
SJ077,SpiceJet,BLR,MAA,2026-04-17 17:32:41.701,2026-04-17 19:40:41.701,02:08:00,0 days 02:08:00,0 days 02:08:00,0 days 02:08:00,128,BLR → MAA,SPICEJET,2026-04-17,False,2.13
AI126,Air India,MAA,HYD,2026-04-17 17:26:41.702,2026-04-17 20:48:41.702,03:22:00,0 days 03:22:00,0 days 03:22:00,0 days 03:22:00,202,MAA → HYD,AIR INDIA,2026-04-17,False,3.37
SJ033,SpiceJet,HYD,DEL,2026-04-17 17:26:41.701,2026-04-17 18:51:41.701,01:25:00,0 days 01:25:00,0 days 01:25:00,0 days 01:25:00,85,HYD → DEL,SPICEJET,2026-04-17,False,1.42
SJ180,SpiceJet,HYD,CCU,2026-04-17 17:12:41.703,2026-04-17 22:00:41.703,04:48:00,0 days 04:48:00,0 days 04:48:00,0 days 04:48:00,288,HYD → CCU,SPICEJET,2026-04-17,False,4.8
6F183,IndiGo,MAA,HYD,2026-04-17 17:08:41.703,2026-04-17 19:52:41.703,02:44:00,0 days 02:44:00,0 days 02:44:00,0 days 02:44:00,164,MAA → HYD,INDIGO,2026-04-17,False,2.73
AI145,UNKNOWN,DEL,BOM,2026-04-17 17:06:41.702,2026-04-17 21:31:41.702,04:25:00,0 days 04:25:00,0 days 04:25:00,0 days 04:25:00,265,DEL → BOM,UNKNOWN,2026-04-17,False,4.42
6F089,IndiGo,DEL,HYD,2026-04-17 17:06:41.702,2026-04-17 19:10:41.702,02:04:00,0 days 02:04:00,0 days 02:04:00,0 days 02:04:00,124,DEL → HYD,INDIGO,2026-04-17,False,2.07
6F207,IndiGo,BOM,HYD,2026-04-17 16:59:41.703,2026-04-17 21:00:41.703,04:01:00,0 days 04:01:00,0 days 04:01:00,0 days 04:01:00,241,BOM → HYD,INDIGO,2026-04-17,False,4.02
AI229,Air India,HYD,MAA,2026-04-17 16:48:41.703,2026-04-17 18:40:41.703,01:52:00,0 days 01:52:00,0 days 01:52:00,0 days 01:52:00,112,HYD → MAA,AIR INDIA,2026-04-17,False,1.87
6F223,IndiGo,MAA,BLR,2026-04-17 16:47:41.704,2026-04-17 17:21:41.704,00:34:00,0 days 00:34:00,0 days 00:34:00,0 days 00:34:00,34,MAA → BLR,INDIGO,2026-04-17,False,0.57
6F116,IndiGo,MAA,CCU,2026-04-17 16:43:41.702,2026-04-17 19:02:41.702,02:19:00,0 days 02:19:00,0 days 02:19:00,0 days 02:19:00,139,MAA → CCU,INDIGO,2026-04-17,False,2.32
SJ240,SpiceJet,BOM,HYD,2026-04-17 16:42:41.704,2026-04-17 20:21:41.704,03:39:00,0 days 03:39:00,0 days 03:39:00,0 days 03:39:00,219,BOM → HYD,SPICEJET,2026-04-17,False,3.65
SJ184,SpiceJet,CCU,DEL,2026-04-17 16:32:41.703,2026-04-17 21:00:41.703,04:28:00,0 days 04:28:00,0 days 04:28:00,0 days 04:28:00,268,CCU → DEL,SPICEJET,2026-04-17,False,4.47
AI087,Air India,MAA,DEL,2026-04-17 16:32:41.702,2026-04-17 20:30:41.702,03:58:00,0 days 03:58:00,0 days 03:58:00,0 days 03:58:00,238,MAA → DEL,AIR INDIA,2026-04-17,False,3.97
UK148,Vistara,HYD,BOM,2026-04-17 16:31:41.703,2026-04-17 18:43:41.703,02:12:00,0 days 02:12:00,0 days 02:12:00,0 days 02:12:00,132,HYD → BOM,VISTARA,2026-04-17,False,2.2
AI210,Air India,BLR,BOM,2026-04-17 16:13:41.703,2026-04-17 18:50:41.703,02:37:00,0 days 02:37:00,0 days 02:37:00,0 days 02:37:00,157,BLR → BOM,AIR INDIA,2026-04-17,False,2.62
6F093,IndiGo,CCU,DEL,2026-04-17 16:09:41.702,2026-04-17 20:00:41.702,03:51:00,0 days 03:51:00,0 days 03:51:00,0 days 03:51:00,231,CCU → DEL,INDIGO,2026-04-17,False,3.85
SJ080,SpiceJet,CCU,MAA,2026-04-17 16:04:41.702,2026-04-17 17:59:41.702,01:55:00,0 days 01:55:00,0 days 01:55:00,0 days 01:55:00,115,CCU → MAA,SPICEJET,2026-04-17,False,1.92
SJ005,SpiceJet,DEL,MAA,2026-04-17 16:03:41.701,2026-04-17 17:24:41.701,01:21:00,0 days 01:21:00,0 days 01:21:00,0 days 01:21:00,81,DEL → MAA,SPICEJET,2026-04-17,False,1.35
6F040,IndiGo,HYD,CCU,2026-04-17 15:52:41.701,2026-04-17 20:33:41.701,04:41:00,0 days 04:41:00,0 days 04:41:00,0 days 04:41:00,281,HYD → CCU,INDIGO,2026-04-17,False,4.68
AI212,Air India,DEL,CCU,2026-04-17 15:31:41.703,2026-04-17 20:13:41.703,04:42:00,0 days 04:42:00,0 days 04:42:00,0 days 04:42:00,282,DEL → CCU,AIR INDIA,2026-04-17,False,4.7
AI154,Air India,HYD,MAA,2026-04-17 15:25:41.703,2026-04-17 19:16:41.703,03:51:00,0 days 03:51:00,0 days 03:51:00,0 days 03:51:00,231,HYD → MAA,AIR INDIA,2026-04-17,False,3.85
6F239,IndiGo,CCU,BOM,2026-04-17 15:24:41.704,2026-04-17 17:37:41.704,02:13:00,0 days 02:13:00,0 days 02:13:00,0 days 02:13:00,133,CCU → BOM,INDIGO,2026-04-17,False,2.22
UK199,Vistara,BOM,CCU,2026-04-17 15:24:41.703,2026-04-17 18:55:41.703,03:31:00,0 days 03:31:00,0 days 03:31:00,0 days 03:31:00,211,BOM → CCU,VISTARA,2026-04-17,False,3.52
6F218,IndiGo,BLR,BOM,2026-04-17 15:16:41.704,2026-04-17 19:03:41.704,03:47:00,0 days 03:47:00,0 days 03:47:00,0 days 03:47:00,227,BLR → BOM,INDIGO,2026-04-17,False,3.78
6F011,IndiGo,MAA,BLR,2026-04-17 15:16:41.701,2026-04-17 17:16:42.000,02:00:00.299000,0 days 02:00:00.299000,0 days 02:00:00,0 days 02:00:00,120,MAA → BLR,INDIGO,2026-04-17,False,2.0
UK106,Vistara,BOM,CCU,2026-04-17 15:12:41.702,2026-04-17 17:23:41.702,02:11:00,0 days 02:11:00,0 days 02:11:00,0 days 02:11:00,131,BOM → CCU,VISTARA,2026-04-17,False,2.18
UK030,Vistara,CCU,DEL,2026-04-17 15:11:41.701,2026-04-17 19:38:41.701,04:27:00,0 days 04:27:00,0 days 04:27:00,0 days 04:27:00,267,CCU → DEL,VISTARA,2026-04-17,False,4.45
6F090,IndiGo,HYD,BLR,2026-04-17 15:10:41.702,2026-04-17 19:22:41.702,04:12:00,0 days 04:12:00,0 days 04:12:00,0 days 04:12:00,252,HYD → BLR,INDIGO,2026-04-17,False,4.2
AI184,Air India,BOM,CCU,2026-04-17 15:03:41.703,2026-04-17 17:03:42.000,02:00:00.297000,0 days 02:00:00.297000,0 days 02:00:00,0 days 02:00:00,120,BOM → CCU,AIR INDIA,2026-04-17,False,2.0
SJ232,SpiceJet,MAA,BLR,2026-04-17 15:02:41.704,2026-04-17 19:22:41.704,04:20:00,0 days 04:20:00,0 days 04:20:00,0 days 04:20:00,260,MAA → BLR,SPICEJET,2026-04-17,False,4.33
AI153,Air India,BOM,CCU,2026-04-17 15:02:41.703,2026-04-17 16:30:41.703,01:28:00,0 days 01:28:00,0 days 01:28:00,0 days 01:28:00,88,BOM → CCU,AIR INDIA,2026-04-17,False,1.47
UK101,Vistara,DEL,HYD,2026-04-17 15:00:41.702,2026-04-17 17:43:41.702,02:43:00,0 days 02:43:00,0 days 02:43:00,0 days 02:43:00,163,DEL → HYD,VISTARA,2026-04-17,False,2.72
6F200,IndiGo,HYD,DEL,2026-04-17 14:54:41.703,2026-04-17 19:41:41.703,04:47:00,0 days 04:47:00,0 days 04:47:00,0 days 04:47:00,287,HYD → DEL,INDIGO,2026-04-17,False,4.78
6F162,IndiGo,CCU,BOM,2026-04-17 14:50:41.703,2026-04-17 17:44:41.703,02:54:00,0 days 02:54:00,0 days 02:54:00,0 days 02:54:00,174,CCU → BOM,INDIGO,2026-04-17,False,2.9
SJ197,SpiceJet,HYD,BLR,2026-04-17 14:49:41.703,2026-04-17 17:33:41.703,02:44:00,0 days 02:44:00,0 days 02:44:00,0 days 02:44:00,164,HYD → BLR,SPICEJET,2026-04-17,False,2.73
AI174,Air India,DEL,CCU,2026-04-17 14:45:41.703,2026-04-17 17:01:41.703,02:16:00,0 days 02:16:00,0 days 02:16:00,0 days 02:16:00,136,DEL → CCU,AIR INDIA,2026-04-17,False,2.27
UK090,Vistara,HYD,MAA,2026-04-17 14:44:41.702,2026-04-17 17:24:41.702,02:40:00,0 days 02:40:00,0 days 02:40:00,0 days 02:40:00,160,HYD → MAA,VISTARA,2026-04-17,False,2.67
UK124,Vistara,MAA,BLR,2026-04-17 14:35:41.702,2026-04-17 17:09:41.702,02:34:00,0 days 02:34:00,0 days 02:34:00,0 days 02:34:00,154,MAA → BLR,VISTARA,2026-04-17,False,2.57
AI239,Air India,BOM,HYD,2026-04-17 14:33:41.704,2026-04-17 17:47:41.704,03:14:00,0 days 03:14:00,0 days 03:14:00,0 days 03:14:00,194,BOM → HYD,AIR INDIA,2026-04-17,False,3.23
UK002,Vistara,CCU,MAA,2026-04-17 14:28:41.700,2026-04-17 19:20:41.700,04:52:00,0 days 04:52:00,0 days 04:52:00,0 days 04:52:00,292,CCU → MAA,VISTARA,2026-04-17,False,4.87
SJ055,SpiceJet,HYD,MAA,2026-04-17 14:17:41.701,2026-04-17 17:56:41.701,03:39:00,0 days 03:39:00,0 days 03:39:00,0 days 03:39:00,219,HYD → MAA,SPICEJET,2026-04-17,False,3.65
UK132,Vistara,BOM,DEL,2026-04-17 14:12:41.702,2026-04-17 16:19:41.702,02:07:00,0 days 02:07:00,0 days 02:07:00,0 days 02:07:00,127,BOM → DEL,VISTARA,2026-04-17,False,2.12
6F002,IndiGo,BLR,MAA,2026-04-17 14:11:41.700,2026-04-17 17:34:41.700,03:23:00,0 days 03:23:00,0 days 03:23:00,0 days 03:23:00,203,BLR → MAA,INDIGO,2026-04-17,False,3.38
UK005,Vistara,BOM,MAA,2026-04-17 14:02:41.701,2026-04-17 18:14:41.701,04:12:00,0 days 04:12:00,0 days 04:12:00,0 days 04:12:00,252,BOM → MAA,VISTARA,2026-04-17,False,4.2
6F258,UNKNOWN,BOM,DEL,2026-04-17 13:54:41.703,2026-04-17 16:49:41.703,02:55:00,0 days 02:55:00,0 days 02:55:00,0 days 02:55:00,175,BOM → DEL,UNKNOWN,2026-04-17,False,2.92
SJ244,SpiceJet,BLR,DEL,2026-04-17 13:51:41.704,2026-04-17 15:39:41.704,01:48:00,0 days 01:48:00,0 days 01:48:00,0 days 01:48:00,108,BLR → DEL,SPICEJET,2026-04-17,False,1.8
AI075,Air India,CCU,DEL,2026-04-17 13:51:41.702,2026-04-17 16:49:41.702,02:58:00,0 days 02:58:00,0 days 02:58:00,0 days 02:58:00,178,CCU → DEL,AIR INDIA,2026-04-17,False,2.97
AI160,Air India,MAA,DEL,2026-04-17 13:41:41.703,2026-04-17 17:01:41.703,03:20:00,0 days 03:20:00,0 days 03:20:00,0 days 03:20:00,200,MAA → DEL,AIR INDIA,2026-04-17,False,3.33
UK091,Vistara,CCU,BOM,2026-04-17 13:37:41.702,2026-04-17 17:31:41.702,03:54:00,0 days 03:54:00,0 days 03:54:00,0 days 03:54:00,234,CCU → BOM,VISTARA,2026-04-17,False,3.9
UK195,Vistara,HYD,BOM,2026-04-17 13:35:41.703,2026-04-17 16:35:41.703,03:00:00,0 days 03:00:00,0 days 03:00:00,0 days 03:00:00,180,HYD → BOM,VISTARA,2026-04-17,False,3.0
6F044,IndiGo,DEL,HYD,2026-04-17 13:25:41.701,2026-04-17 17:36:41.701,04:11:00,0 days 04:11:00,0 days 04:11:00,0 days 04:11:00,251,DEL → HYD,INDIGO,2026-04-17,False,4.18
6F248,IndiGo,DEL,HYD,2026-04-17 13:25:41.701,2026-04-17 17:36:41.701,04:11:00,0 days 04:11:00,0 days 04:11:00,0 days 04:11:00,251,DEL → HYD,INDIGO,2026-04-17,False,4.18
6F204,IndiGo,DEL,CCU,2026-04-17 13:23:41.703,2026-04-17 16:04:41.703,02:41:00,0 days 02:41:00,0 days 02:41:00,0 days 02:41:00,161,DEL → CCU,INDIGO,2026-04-17,False,2.68
SJ092,SpiceJet,BLR,MAA,2026-04-17 13:19:41.702,2026-04-17 17:56:41.702,04:37:00,0 days 04:37:00,0 days 04:37:00,0 days 04:37:00,277,BLR → MAA,SPICEJET,2026-04-17,False,4.62
AI119,Air India,MAA,BLR,2026-04-17 13:15:41.702,2026-04-17 15:57:41.702,02:42:00,0 days 02:42:00,0 days 02:42:00,0 days 02:42:00,162,MAA → BLR,AIR INDIA,2026-04-17,False,2.7
AI151,Air India,MAA,HYD,2026-04-17 13:14:41.703,2026-04-17 14:10:41.703,00:56:00,0 days 00:56:00,0 days 00:56:00,0 days 00:56:00,56,MAA → HYD,AIR INDIA,2026-04-17,False,0.93
UK107,Vistara,HYD,BOM,2026-04-17 13:09:41.702,2026-04-17 14:25:41.702,01:16:00,0 days 01:16:00,0 days 01:16:00,0 days 01:16:00,76,HYD → BOM,VISTARA,2026-04-17,False,1.27
SJ019,SpiceJet,BLR,DEL,2026-04-17 13:07:41.701,2026-04-17 15:56:41.701,02:49:00,0 days 02:49:00,0 days 02:49:00,0 days 02:49:00,169,BLR → DEL,SPICEJET,2026-04-17,False,2.82
AI052,Air India,CCU,MAA,2026-04-17 13:06:41.701,2026-04-17 15:42:41.701,02:36:00,0 days 02:36:00,0 days 02:36:00,0 days 02:36:00,156,CCU → MAA,AIR INDIA,2026-04-17,False,2.6
SJ177,SpiceJet,BOM,CCU,2026-04-17 13:04:41.703,2026-04-17 17:37:41.703,04:33:00,0 days 04:33:00,0 days 04:33:00,0 days 04:33:00,273,BOM → CCU,SPICEJET,2026-04-17,False,4.55
6F215,IndiGo,DEL,BLR,2026-04-17 13:00:41.703,2026-04-17 17:30:41.703,04:30:00,0 days 04:30:00,0 days 04:30:00,0 days 04:30:00,270,DEL → BLR,INDIGO,2026-04-17,False,4.5
AI223,Air India,BOM,CCU,2026-04-17 12:53:41.703,2026-04-17 14:42:41.703,01:49:00,0 days 01:49:00,0 days 01:49:00,0 days 01:49:00,109,BOM → CCU,AIR INDIA,2026-04-17,False,1.82
SJ069,SpiceJet,HYD,BLR,2026-04-17 12:53:41.701,2026-04-17 14:17:41.701,01:24:00,0 days 01:24:00,0 days 01:24:00,0 days 01:24:00,84,HYD → BLR,SPICEJET,2026-04-17,False,1.4
6F198,IndiGo,HYD,BLR,2026-04-17 12:40:41.703,2026-04-17 17:39:41.703,04:59:00,0 days 04:59:00,0 days 04:59:00,0 days 04:59:00,299,HYD → BLR,INDIGO,2026-04-17,False,4.98
AI093,Air India,BOM,BLR,2026-04-17 12:35:41.702,2026-04-17 17:28:41.702,04:53:00,0 days 04:53:00,0 days 04:53:00,0 days 04:53:00,293,BOM → BLR,AIR INDIA,2026-04-17,False,4.88
UK062,Vistara,HYD,DEL,2026-04-17 12:33:41.701,2026-04-17 15:35:41.701,03:02:00,0 days 03:02:00,0 days 03:02:00,0 days 03:02:00,182,HYD → DEL,VISTARA,2026-04-17,False,3.03
6F057,IndiGo,MAA,DEL,2026-04-17 12:32:41.701,2026-04-17 15:50:41.701,03:18:00,0 days 03:18:00,0 days 03:18:00,0 days 03:18:00,198,MAA → DEL,INDIGO,2026-04-17,False,3.3
UK064,Vistara,BOM,DEL,2026-04-17 12:25:41.701,2026-04-17 14:55:41.701,02:30:00,0 days 02:30:00,0 days 02:30:00,0 days 02:30:00,150,BOM → DEL,VISTARA,2026-04-17,False,2.5
